{
    "version": "0.4",
    "title": "Global Kit Styles",
    "type": "section",
    "metadata": {
        "template_type": "global-styles",
        "include_in_zip": "1",
        "elementor_pro_required": null,
        "additional_template_information": [
            "These are the global theme styles configured through the Elementor Theme Styles area."
        ],
        "wp_page_template": "default"
    },
    "content": [],
    "page_settings": {
        "system_colors": [
            {
                "_id": "primary",
                "title": "Primary",
                "color": "#3A3A3A"
            },
            {
                "_id": "secondary",
                "title": "Secondary",
                "color": "#2E2E2E"
            },
            {
                "_id": "text",
                "title": "Text",
                "color": "#A0A0A0"
            },
            {
                "_id": "accent",
                "title": "Accent",
                "color": "#F31E0B"
            }
        ],
        "custom_colors": [
            {
                "_id": "367a2f9",
                "title": "White",
                "color": "#FFFFFF"
            },
            {
                "_id": "2fa61da",
                "title": "BG Soft",
                "color": "#F4F4F4F0"
            },
            {
                "_id": "96c53af",
                "title": "Secondary Text Color",
                "color": "#8A8A8A"
            },
            {
                "_id": "5f5a5f8",
                "title": "Border Color",
                "color": "#DEDEDE"
            },
            {
                "_id": "66ff0c0",
                "title": "Footer Color",
                "color": "#B5B5B5"
            },
            {
                "_id": "f46bffd",
                "title": "Hover White",
                "color": "#F4F4F4"
            },
            {
                "_id": "2637a19",
                "title": "Hover Red",
                "color": "#E21C0B"
            }
        ],
        "system_typography": [
            {
                "_id": "primary",
                "title": "Primary",
                "typography_typography": "custom",
                "typography_font_family": "Inter",
                "typography_font_weight": "400",
                "typography_font_size": {
                    "unit": "px",
                    "size": 16,
                    "sizes": []
                },
                "typography_font_size_tablet": {
                    "unit": "px",
                    "size": 15,
                    "sizes": []
                },
                "typography_font_size_mobile": {
                    "unit": "px",
                    "size": 14,
                    "sizes": []
                }
            },
            {
                "_id": "secondary",
                "title": "Secondary",
                "typography_typography": "custom",
                "typography_font_family": "Inter",
                "typography_font_weight": "700",
                "typography_font_size": {
                    "unit": "px",
                    "size": 48,
                    "sizes": []
                },
                "typography_line_height": {
                    "unit": "em",
                    "size": 1.2,
                    "sizes": []
                },
                "typography_font_size_tablet": {
                    "unit": "px",
                    "size": 42,
                    "sizes": []
                },
                "typography_font_size_mobile": {
                    "unit": "px",
                    "size": 38,
                    "sizes": []
                }
            },
            {
                "_id": "text",
                "title": "Text",
                "typography_typography": "custom",
                "typography_font_family": "Inter",
                "typography_font_weight": "400",
                "typography_font_size": {
                    "unit": "px",
                    "size": 16,
                    "sizes": []
                },
                "typography_text_decoration": "none",
                "typography_font_size_tablet": {
                    "unit": "px",
                    "size": 15,
                    "sizes": []
                },
                "typography_font_size_mobile": {
                    "unit": "px",
                    "size": 14,
                    "sizes": []
                }
            },
            {
                "_id": "accent",
                "title": "Accent",
                "typography_typography": "custom",
                "typography_font_family": "Inter",
                "typography_font_weight": "500",
                "typography_font_size": {
                    "unit": "px",
                    "size": 14,
                    "sizes": []
                },
                "typography_font_size_tablet": {
                    "unit": "px",
                    "size": 14,
                    "sizes": []
                },
                "typography_font_size_mobile": {
                    "unit": "px",
                    "size": 13,
                    "sizes": []
                }
            }
        ],
        "custom_typography": [
            {
                "typography_typography": "custom",
                "typography_font_family": "Inter",
                "typography_font_size": {
                    "unit": "px",
                    "size": 16,
                    "sizes": []
                },
                "typography_font_size_tablet": {
                    "unit": "px",
                    "size": 15,
                    "sizes": []
                },
                "typography_font_size_mobile": {
                    "unit": "px",
                    "size": 14,
                    "sizes": []
                },
                "typography_font_weight": "600",
                "typography_text_transform": "uppercase",
                "typography_letter_spacing": {
                    "unit": "px",
                    "size": 4,
                    "sizes": []
                },
                "_id": "3bb9420",
                "title": "Subtitle"
            },
            {
                "typography_typography": "custom",
                "typography_font_family": "Inter",
                "typography_font_size": {
                    "unit": "px",
                    "size": 14,
                    "sizes": []
                },
                "typography_font_size_tablet": {
                    "unit": "px",
                    "size": 14,
                    "sizes": []
                },
                "typography_font_size_mobile": {
                    "unit": "px",
                    "size": 13,
                    "sizes": []
                },
                "typography_font_weight": "500",
                "typography_text_transform": "uppercase",
                "typography_letter_spacing": {
                    "unit": "px",
                    "size": 3,
                    "sizes": []
                },
                "_id": "aa8ff19",
                "title": "Text Button",
                "typography_text_decoration": "none"
            },
            {
                "typography_typography": "custom",
                "typography_font_family": "Inter",
                "typography_font_size": {
                    "unit": "px",
                    "size": 24,
                    "sizes": []
                },
                "typography_font_size_tablet": {
                    "unit": "px",
                    "size": 23,
                    "sizes": []
                },
                "typography_font_size_mobile": {
                    "unit": "px",
                    "size": 22,
                    "sizes": []
                },
                "typography_font_weight": "700",
                "typography_line_height": {
                    "unit": "em",
                    "size": 1.2,
                    "sizes": []
                },
                "_id": "f1ce913",
                "title": "IB Title"
            },
            {
                "typography_typography": "custom",
                "typography_font_family": "Inter",
                "typography_font_size": {
                    "unit": "px",
                    "size": 16,
                    "sizes": []
                },
                "typography_font_weight": "600",
                "_id": "adeb269",
                "title": "Text Special"
            },
            {
                "typography_typography": "custom",
                "typography_font_family": "Inter",
                "typography_font_size": {
                    "unit": "px",
                    "size": 15,
                    "sizes": []
                },
                "typography_font_size_tablet": {
                    "unit": "px",
                    "size": 14,
                    "sizes": []
                },
                "typography_font_size_mobile": {
                    "unit": "px",
                    "size": 13,
                    "sizes": []
                },
                "typography_font_weight": "500",
                "_id": "f885613",
                "title": "Text Menu",
                "typography_text_decoration": "none"
            },
            {
                "typography_typography": "custom",
                "typography_font_family": "Roboto",
                "typography_font_size": {
                    "unit": "px",
                    "size": 60,
                    "sizes": []
                },
                "typography_font_size_tablet": {
                    "unit": "px",
                    "size": 55,
                    "sizes": []
                },
                "typography_font_size_mobile": {
                    "unit": "px",
                    "size": 48,
                    "sizes": []
                },
                "typography_font_weight": "600",
                "typography_line_height": {
                    "unit": "em",
                    "size": 1.2,
                    "sizes": []
                },
                "_id": "fdcb2d7",
                "title": "Title Hero"
            },
            {
                "typography_typography": "custom",
                "typography_font_family": "Inter",
                "typography_font_size": {
                    "unit": "px",
                    "size": 22,
                    "sizes": []
                },
                "typography_font_size_tablet": {
                    "unit": "px",
                    "size": 21,
                    "sizes": []
                },
                "typography_font_size_mobile": {
                    "unit": "px",
                    "size": 20,
                    "sizes": []
                },
                "typography_font_weight": "700",
                "typography_line_height": {
                    "unit": "em",
                    "size": "",
                    "sizes": []
                },
                "_id": "8d7d586",
                "title": "IB Title #2"
            },
            {
                "typography_typography": "custom",
                "typography_font_family": "Inter",
                "typography_font_size": {
                    "unit": "px",
                    "size": 32,
                    "sizes": []
                },
                "typography_font_size_tablet": {
                    "unit": "px",
                    "size": 30,
                    "sizes": []
                },
                "typography_font_size_mobile": {
                    "unit": "px",
                    "size": 28,
                    "sizes": []
                },
                "typography_font_weight": "700",
                "typography_line_height": {
                    "unit": "em",
                    "size": 1.2,
                    "sizes": []
                },
                "_id": "14e237d",
                "title": "Partners Title"
            },
            {
                "typography_typography": "custom",
                "typography_font_family": "Inter",
                "typography_font_size": {
                    "unit": "px",
                    "size": 18,
                    "sizes": []
                },
                "typography_font_size_tablet": {
                    "unit": "px",
                    "size": 17,
                    "sizes": []
                },
                "typography_font_size_mobile": {
                    "unit": "px",
                    "size": 16,
                    "sizes": []
                },
                "typography_font_weight": "400",
                "typography_font_style": "italic",
                "_id": "45dace9",
                "title": "Testimonial Desc"
            },
            {
                "typography_typography": "custom",
                "typography_font_family": "Inter",
                "typography_font_size": {
                    "unit": "px",
                    "size": 18,
                    "sizes": []
                },
                "typography_font_size_mobile": {
                    "unit": "px",
                    "size": 17,
                    "sizes": []
                },
                "typography_font_weight": "700",
                "typography_line_height": {
                    "unit": "em",
                    "size": 1.4,
                    "sizes": []
                },
                "typography_word_spacing": {
                    "unit": "em",
                    "size": "",
                    "sizes": []
                },
                "_id": "77ffdb7",
                "title": "Blog Title",
                "typography_text_decoration": "none"
            },
            {
                "typography_typography": "custom",
                "typography_font_family": "Roboto",
                "typography_font_size": {
                    "unit": "px",
                    "size": 55,
                    "sizes": []
                },
                "typography_font_size_tablet": {
                    "unit": "px",
                    "size": 55,
                    "sizes": []
                },
                "typography_font_size_mobile": {
                    "unit": "px",
                    "size": 48,
                    "sizes": []
                },
                "typography_font_weight": "600",
                "typography_line_height": {
                    "unit": "em",
                    "size": 1.2,
                    "sizes": []
                },
                "typography_word_spacing": {
                    "unit": "em",
                    "size": "",
                    "sizes": []
                },
                "_id": "49227e4",
                "title": "Secondary Title"
            }
        ],
        "default_generic_fonts": "Sans-serif",
        "page_title_selector": "h1.entry-title",
        "hello_footer_copyright_text": "All rights reserved",
        "activeItemIndex": 1,
        "viewport_md": 768,
        "viewport_lg": 1025,
        "link_normal_typography_typography": "custom",
        "link_normal_typography_text_decoration": "none",
        "link_hover_typography_typography": "custom",
        "link_hover_typography_text_decoration": "none",
        "button_border_border": "solid",
        "button_border_width": {
            "unit": "px",
            "top": "0",
            "right": "0",
            "bottom": "0",
            "left": "0",
            "isLinked": true
        },
        "button_border_radius": {
            "unit": "px",
            "top": "0",
            "right": "0",
            "bottom": "0",
            "left": "0",
            "isLinked": false
        },
        "button_padding": {
            "unit": "px",
            "top": "20",
            "right": "30",
            "bottom": "20",
            "left": "30",
            "isLinked": false
        },
        "form_field_background_color": "#F6F6F6",
        "form_field_border_border": "solid",
        "form_field_border_width": {
            "unit": "px",
            "top": "1",
            "right": "1",
            "bottom": "1",
            "left": "1",
            "isLinked": true
        },
        "form_field_border_radius": {
            "unit": "px",
            "top": "0",
            "right": "0",
            "bottom": "0",
            "left": "0",
            "isLinked": false
        },
        "body_background_background": "classic",
        "__globals__": {
            "body_color": "globals\/colors?id=text",
            "body_typography_typography": "globals\/typography?id=primary",
            "link_normal_color": "globals\/colors?id=primary",
            "link_hover_color": "globals\/colors?id=accent",
            "h1_color": "globals\/colors?id=primary",
            "h1_typography_typography": "globals\/typography?id=49227e4",
            "h2_color": "globals\/colors?id=primary",
            "h2_typography_typography": "globals\/typography?id=14e237d",
            "h3_color": "globals\/colors?id=primary",
            "h3_typography_typography": "globals\/typography?id=f1ce913",
            "h4_color": "globals\/colors?id=primary",
            "h4_typography_typography": "globals\/typography?id=8d7d586",
            "h5_color": "globals\/colors?id=primary",
            "h5_typography_typography": "globals\/typography?id=77ffdb7",
            "h6_color": "globals\/colors?id=primary",
            "h6_typography_typography": "globals\/typography?id=adeb269",
            "button_typography_typography": "globals\/typography?id=aa8ff19",
            "button_background_color": "globals\/colors?id=accent",
            "button_text_color": "globals\/colors?id=367a2f9",
            "button_hover_background_color": "globals\/colors?id=primary",
            "button_hover_text_color": "globals\/colors?id=367a2f9",
            "form_label_color": "globals\/colors?id=primary",
            "form_label_typography_typography": "globals\/typography?id=adeb269",
            "form_field_typography_typography": "globals\/typography?id=text",
            "form_field_text_color": "globals\/colors?id=primary",
            "form_field_focus_text_color": "globals\/colors?id=primary",
            "form_field_border_color": "globals\/colors?id=5f5a5f8",
            "body_background_color": "globals\/colors?id=367a2f9",
            "mobile_browser_background": "globals\/colors?id=367a2f9"
        }
    }
}