{
    "version": "0.4",
    "title": "Header 2",
    "type": "section",
    "metadata": {
        "template_type": "section-header",
        "include_in_zip": "1",
        "elementor_pro_required": null,
        "wp_page_template": "elementor_canvas"
    },
    "content": [
        {
            "id": "715df1c3",
            "settings": {
                "background_background": "classic",
                "__globals__": {
                    "background_color": "",
                    "border_color": "globals\/colors?id=5f5a5f8"
                },
                "ekit_has_onepagescroll": "",
                "ekit_control_get_pro": "1",
                "content_width": {
                    "unit": "px",
                    "size": 1150,
                    "sizes": []
                },
                "structure": "33",
                "z_index": 99,
                "padding_mobile": {
                    "unit": "px",
                    "top": "10",
                    "right": "5",
                    "bottom": "10",
                    "left": "5",
                    "isLinked": false
                },
                "padding_tablet": {
                    "unit": "px",
                    "top": "10",
                    "right": "0",
                    "bottom": "10",
                    "left": "0",
                    "isLinked": false
                },
                "margin": {
                    "unit": "px",
                    "top": "",
                    "right": 0,
                    "bottom": "",
                    "left": 0,
                    "isLinked": true
                },
                "border_border": "solid",
                "border_width": {
                    "unit": "px",
                    "top": "0",
                    "right": "0",
                    "bottom": "1",
                    "left": "0",
                    "isLinked": false
                }
            },
            "elements": [
                {
                    "id": "a75ddf8",
                    "settings": {
                        "_column_size": 25,
                        "_inline_size": 44,
                        "_inline_size_tablet": 35,
                        "_inline_size_mobile": 50,
                        "margin": {
                            "unit": "px",
                            "top": "0",
                            "right": "0",
                            "bottom": "0",
                            "left": "50",
                            "isLinked": false
                        },
                        "margin_tablet": {
                            "unit": "px",
                            "top": "0",
                            "right": "0",
                            "bottom": "0",
                            "left": "10",
                            "isLinked": false
                        },
                        "margin_mobile": {
                            "unit": "px",
                            "top": "0",
                            "right": "0",
                            "bottom": "0",
                            "left": "0",
                            "isLinked": false
                        },
                        "content_position_tablet": "center",
                        "content_position": "center"
                    },
                    "elements": [
                        {
                            "id": "3c7b455c",
                            "settings": {
                                "image": {
                                    "id": 342,
                                    "url": "https:\/\/kit.baliniz.com\/logixtic\/wp-content\/uploads\/sites\/29\/2022\/07\/logo-2.png",
                                    "alt": "",
                                    "source": "library"
                                },
                                "image_size": "full",
                                "align": "right",
                                "width": {
                                    "unit": "%",
                                    "size": 100,
                                    "sizes": []
                                },
                                "space": {
                                    "unit": "%",
                                    "size": 100,
                                    "sizes": []
                                },
                                "align_mobile": "left",
                                "_element_width": "initial",
                                "_element_custom_width": {
                                    "unit": "px",
                                    "size": 250,
                                    "sizes": []
                                },
                                "_element_width_tablet": "initial",
                                "_element_custom_width_tablet": {
                                    "unit": "px",
                                    "size": 200,
                                    "sizes": []
                                },
                                "_element_width_mobile": "initial",
                                "_element_custom_width_mobile": {
                                    "unit": "px",
                                    "size": 180,
                                    "sizes": []
                                },
                                "_margin_tablet": {
                                    "unit": "px",
                                    "top": "0",
                                    "right": "0",
                                    "bottom": "0",
                                    "left": "0",
                                    "isLinked": false
                                }
                            },
                            "elements": [],
                            "isInner": false,
                            "widgetType": "image",
                            "elType": "widget"
                        }
                    ],
                    "isInner": false,
                    "elType": "column"
                },
                {
                    "id": "38b9a3d9",
                    "settings": {
                        "_column_size": 50,
                        "_inline_size": 46,
                        "padding": {
                            "unit": "px",
                            "top": "0",
                            "right": "0",
                            "bottom": "0",
                            "left": "0",
                            "isLinked": true
                        },
                        "_inline_size_tablet": 65,
                        "_inline_size_mobile": 50,
                        "content_position_tablet": "center",
                        "margin_tablet": {
                            "unit": "px",
                            "top": "0",
                            "right": "20",
                            "bottom": "0",
                            "left": "0",
                            "isLinked": false
                        },
                        "margin_mobile": {
                            "unit": "px",
                            "top": "0",
                            "right": "10",
                            "bottom": "0",
                            "left": "0",
                            "isLinked": false
                        }
                    },
                    "elements": [
                        {
                            "id": "38014994",
                            "settings": {
                                "sg_menu_choose": "menu",
                                "st_menu_wrapper_height_responsive": {
                                    "unit": "px",
                                    "size": 100,
                                    "sizes": []
                                },
                                "st_menu_item_spacing_responsive": {
                                    "unit": "px",
                                    "top": "0",
                                    "right": "0",
                                    "bottom": "0",
                                    "left": "40",
                                    "isLinked": false
                                },
                                "st_submenu_item_indicator": {
                                    "value": "jki jki-down-arrow1-light",
                                    "library": "jkiticon"
                                },
                                "st_submenu_item_indicator_margin_responsive": {
                                    "unit": "px",
                                    "top": "2",
                                    "right": "0",
                                    "bottom": "0",
                                    "left": "7",
                                    "isLinked": false
                                },
                                "st_submenu_item_spacing_responsive": {
                                    "unit": "px",
                                    "top": "15",
                                    "right": "30",
                                    "bottom": "15",
                                    "left": "20",
                                    "isLinked": false
                                },
                                "__globals__": {
                                    "st_submenu_item_indicator_color_responsive": "",
                                    "st_menu_item_typography_content_typography_typography": "globals\/typography?id=f885613",
                                    "st_submenu_item_typography_content_typography_typography": "globals\/typography?id=f885613",
                                    "st_submenu_panel_background_background_color": "",
                                    "st_menu_wrapper_mobile_color_tablet_responsive_tablet": "globals\/colors?id=367a2f9",
                                    "st_hamburger_menu_icon_background_background_color": "",
                                    "st_hamburger_menu_icon_background_hover_background_color": "",
                                    "st_hamburger_menu_close_color_responsive_tablet": "globals\/colors?id=accent",
                                    "st_hamburger_menu_close_color_hover_responsive_tablet": "globals\/colors?id=primary",
                                    "st_submenu_item_text_hover_color_responsive": "globals\/colors?id=accent",
                                    "st_submenu_item_text_active_color_responsive": "globals\/colors?id=accent",
                                    "st_submenu_item_text_hover_bg_background_color": "",
                                    "st_menu_item_text_hover_color_responsive": "globals\/colors?id=accent",
                                    "st_submenu_item_text_normal_bg_background_color": "",
                                    "st_submenu_item_text_normal_color_responsive": "globals\/colors?id=primary",
                                    "st_menu_item_text_normal_color_responsive": "globals\/colors?id=primary",
                                    "st_menu_item_text_active_color_responsive": "globals\/colors?id=accent",
                                    "st_menu_item_text_normal_color_responsive_tablet": "globals\/colors?id=primary",
                                    "st_submenu_item_text_normal_color_responsive_tablet": "globals\/colors?id=primary",
                                    "st_submenu_item_text_hover_color_responsive_tablet": "globals\/colors?id=accent",
                                    "st_submenu_item_text_active_color_responsive_tablet": "globals\/colors?id=accent",
                                    "st_hamburger_menu_icon_color_responsive_tablet": "globals\/colors?id=primary",
                                    "st_hamburger_menu_icon_color_hover_responsive_tablet": "globals\/colors?id=accent",
                                    "st_menu_item_text_active_color_responsive_tablet": "globals\/colors?id=accent",
                                    "st_menu_item_text_hover_color_responsive_tablet": "globals\/colors?id=accent"
                                },
                                "st_submenu_panel_border_radius_responsive": {
                                    "unit": "px",
                                    "top": "0",
                                    "right": "0",
                                    "bottom": "0",
                                    "left": "0",
                                    "isLinked": true
                                },
                                "sg_mobile_menu_logo": {
                                    "id": 342,
                                    "url": "https:\/\/kit.baliniz.com\/logixtic\/wp-content\/uploads\/sites\/29\/2022\/07\/logo-2.png",
                                    "alt": "",
                                    "source": "library"
                                },
                                "sg_mobile_menu_logo_size_imagesize_size": "full",
                                "st_menu_wrapper_padding_responsive_tablet": {
                                    "unit": "px",
                                    "top": "0",
                                    "right": "25",
                                    "bottom": "0",
                                    "left": "25",
                                    "isLinked": false
                                },
                                "st_menu_item_spacing_responsive_tablet": {
                                    "unit": "px",
                                    "top": "15",
                                    "right": "15",
                                    "bottom": "15",
                                    "left": "6",
                                    "isLinked": false
                                },
                                "st_submenu_item_indicator_margin_responsive_tablet": {
                                    "unit": "px",
                                    "top": "0",
                                    "right": "0",
                                    "bottom": "0",
                                    "left": "0",
                                    "isLinked": false
                                },
                                "st_submenu_item_indicator_border_border_border": "solid",
                                "st_submenu_item_indicator_border_border_width": {
                                    "unit": "px",
                                    "top": "0",
                                    "right": "0",
                                    "bottom": "0",
                                    "left": "0",
                                    "isLinked": true
                                },
                                "st_submenu_item_indicator_border_border_width_tablet": {
                                    "unit": "px",
                                    "top": "0",
                                    "right": "0",
                                    "bottom": "0",
                                    "left": "0",
                                    "isLinked": true
                                },
                                "st_hamburger_menu_icon_size_responsive_tablet": {
                                    "unit": "px",
                                    "size": 30,
                                    "sizes": []
                                },
                                "st_hamburger_menu_icon_size_responsive_mobile": {
                                    "unit": "px",
                                    "size": 26,
                                    "sizes": []
                                },
                                "st_hamburger_menu_icon_background_background_background": "classic",
                                "st_hamburger_menu_icon_background_background_color": "#E91A2F00",
                                "st_hamburger_menu_icon_border_border_border": "solid",
                                "st_hamburger_menu_icon_border_border_width_tablet": {
                                    "unit": "px",
                                    "top": "0",
                                    "right": "0",
                                    "bottom": "0",
                                    "left": "0",
                                    "isLinked": true
                                },
                                "st_hamburger_menu_icon_border_radius_responsive_tablet": {
                                    "unit": "px",
                                    "top": "0",
                                    "right": "0",
                                    "bottom": "0",
                                    "left": "0",
                                    "isLinked": true
                                },
                                "st_hamburger_menu_icon_background_hover_background_background": "classic",
                                "st_hamburger_menu_icon_background_hover_background_color": "#C9172900",
                                "st_hamburger_menu_icon_padding_responsive_tablet": {
                                    "unit": "px",
                                    "top": "5",
                                    "right": "0",
                                    "bottom": "0",
                                    "left": "0",
                                    "isLinked": false
                                },
                                "st_hamburger_menu_icon_padding_responsive_mobile": {
                                    "unit": "px",
                                    "top": "5",
                                    "right": "0",
                                    "bottom": "0",
                                    "left": "10",
                                    "isLinked": false
                                },
                                "st_hamburger_menu_close_background_background_background": "classic",
                                "st_hamburger_menu_close_background_background_color": "#FFFFFF00",
                                "st_hamburger_menu_close_border_border_border": "solid",
                                "st_hamburger_menu_close_border_border_width_tablet": {
                                    "unit": "px",
                                    "top": "0",
                                    "right": "0",
                                    "bottom": "0",
                                    "left": "0",
                                    "isLinked": true
                                },
                                "st_hamburger_menu_close_border_radius_responsive_tablet": {
                                    "unit": "px",
                                    "top": "50",
                                    "right": "50",
                                    "bottom": "50",
                                    "left": "50",
                                    "isLinked": true
                                },
                                "st_hamburger_menu_close_padding_responsive_tablet": {
                                    "unit": "px",
                                    "top": "12",
                                    "right": "32",
                                    "bottom": "15",
                                    "left": "15",
                                    "isLinked": false
                                },
                                "st_mobile_menu_width_responsive_tablet": {
                                    "unit": "px",
                                    "size": 170,
                                    "sizes": []
                                },
                                "st_mobile_menu_object_fit_responsive_tablet": "contain",
                                "st_submenu_item_text_hover_bg_background_color": "#D83054",
                                "st_submenu_item_text_active_bg_background_color": "#D83054",
                                "st_submenu_item_text_normal_bg_background_background": "classic",
                                "st_submenu_panel_background_background_color": "#FEF1E6",
                                "sg_mobile_menu_icon": {
                                    "value": "jki jki-bars-solid",
                                    "library": "jkiticon"
                                },
                                "sg_mobile_close_icon": {
                                    "value": "jki jki-times-solid",
                                    "library": "jkiticon"
                                },
                                "st_hamburger_menu_close_icon_size_responsive_tablet": {
                                    "unit": "px",
                                    "size": 21,
                                    "sizes": []
                                },
                                "_margin_tablet": {
                                    "unit": "px",
                                    "top": "0",
                                    "right": "-3",
                                    "bottom": "0",
                                    "left": "0",
                                    "isLinked": false
                                },
                                "_margin_mobile": {
                                    "unit": "px",
                                    "top": "0",
                                    "right": "-5",
                                    "bottom": "0",
                                    "left": "0",
                                    "isLinked": false
                                },
                                "st_hamburger_menu_icon_margin_responsive_tablet": {
                                    "unit": "px",
                                    "top": "0",
                                    "right": "0",
                                    "bottom": "0",
                                    "left": "0",
                                    "isLinked": false
                                },
                                "st_submenu_panel_box_shadow_box_shadow_box_shadow": {
                                    "horizontal": 0,
                                    "vertical": 0,
                                    "blur": 10,
                                    "spread": 0,
                                    "color": "rgba(0, 0, 0, 0.1)"
                                },
                                "st_submenu_item_icon_size_responsive": {
                                    "unit": "px",
                                    "size": 1,
                                    "sizes": []
                                },
                                "st_menu_wrapper_margin_responsive_tablet": {
                                    "unit": "px",
                                    "top": "0",
                                    "right": "0",
                                    "bottom": "0",
                                    "left": "0",
                                    "isLinked": false
                                },
                                "st_hamburger_menu_close_margin_responsive_tablet": {
                                    "unit": "px",
                                    "top": "35",
                                    "right": "16",
                                    "bottom": "0",
                                    "left": "0",
                                    "isLinked": false
                                },
                                "sg_menu_alignment_responsive": "flex-end",
                                "st_mobile_menu_margin_responsive_tablet": {
                                    "unit": "px",
                                    "top": "30",
                                    "right": "0",
                                    "bottom": "0",
                                    "left": "0",
                                    "isLinked": false
                                },
                                "st_mobile_menu_margin_responsive_mobile": {
                                    "unit": "px",
                                    "top": "28",
                                    "right": "0",
                                    "bottom": "0",
                                    "left": "0",
                                    "isLinked": false
                                },
                                "st_submenu_panel_padding_responsive": {
                                    "unit": "px",
                                    "top": "10",
                                    "right": "0",
                                    "bottom": "10",
                                    "left": "0",
                                    "isLinked": false
                                }
                            },
                            "elements": [],
                            "isInner": false,
                            "widgetType": "jkit_nav_menu",
                            "elType": "widget"
                        }
                    ],
                    "isInner": false,
                    "elType": "column"
                },
                {
                    "id": "57ea7598",
                    "settings": {
                        "_column_size": 25,
                        "_inline_size": 10,
                        "content_position": "center",
                        "align": "flex-end",
                        "_inline_size_tablet": 100,
                        "hide_tablet": "hidden-tablet",
                        "hide_mobile": "hidden-phone",
                        "margin": {
                            "unit": "px",
                            "top": "0",
                            "right": "0",
                            "bottom": "0",
                            "left": "0",
                            "isLinked": true
                        }
                    },
                    "elements": [
                        {
                            "id": "16c457e",
                            "settings": {
                                "sg_search_placeholder": "Search...",
                                "sg_search_text": "Search",
                                "sg_search_alignment_responsive": "right",
                                "sg_search_icon": {
                                    "value": "jki jki-search11-light",
                                    "library": "jkiticon"
                                },
                                "__globals__": {
                                    "st_icon_normal_color_responsive": "",
                                    "st_icon_hover_color_responsive": "globals\/colors?id=primary"
                                },
                                "st_icon_normal_color_responsive": "#F31E0B",
                                "st_icon_hover_color_responsive": "#3A3A3A"
                            },
                            "elements": [],
                            "isInner": false,
                            "widgetType": "jkit_search",
                            "elType": "widget"
                        }
                    ],
                    "isInner": false,
                    "elType": "column"
                }
            ],
            "isInner": false,
            "elType": "section"
        }
    ]
}