{
    "version": "0.4",
    "title": "MetForm Shipping",
    "type": "page",
    "metadata": {
        "template_type": "single-page",
        "include_in_zip": "1",
        "elementor_pro_required": null,
        "wp_page_template": "elementor_canvas"
    },
    "content": [
        {
            "id": "9ba310d",
            "settings": {
                "background_background": "classic",
                "background_color": "#ffffff",
                "border_radius": {
                    "unit": "px",
                    "top": "0",
                    "right": "0",
                    "bottom": "0",
                    "left": "0",
                    "isLinked": true
                },
                "box_shadow_box_shadow": {
                    "horizontal": 0,
                    "vertical": 3,
                    "blur": 15,
                    "spread": 0,
                    "color": "rgba(0,0,0,0.1)"
                },
                "padding": {
                    "unit": "px",
                    "top": "0",
                    "right": "0",
                    "bottom": "0",
                    "left": "0",
                    "isLinked": false
                },
                "padding_tablet": {
                    "unit": "px",
                    "top": "0",
                    "right": "0",
                    "bottom": "0",
                    "left": "0",
                    "isLinked": true
                },
                "content_width": {
                    "unit": "px",
                    "size": 1150,
                    "sizes": []
                },
                "padding_mobile": {
                    "unit": "px",
                    "top": "0",
                    "right": "0",
                    "bottom": "0",
                    "left": "0",
                    "isLinked": true
                },
                "jet_sticky_section_sticky": "",
                "jet_sticky_section_sticky_visibility": [
                    "desktop",
                    "tablet",
                    "mobile"
                ],
                "jet_sticky_section_sticky_z_index": "",
                "jet_sticky_section_sticky_max_width": {
                    "unit": "px",
                    "size": "",
                    "sizes": []
                },
                "jet_sticky_section_sticky_margin": {
                    "unit": "px",
                    "top": "",
                    "right": "",
                    "bottom": "",
                    "left": "",
                    "isLinked": true
                },
                "jet_sticky_section_sticky_margin_tablet": {
                    "unit": "px",
                    "top": "",
                    "right": "",
                    "bottom": "",
                    "left": "",
                    "isLinked": true
                },
                "jet_sticky_section_sticky_margin_mobile": {
                    "unit": "px",
                    "top": "",
                    "right": "",
                    "bottom": "",
                    "left": "",
                    "isLinked": true
                },
                "jet_sticky_section_sticky_padding": {
                    "unit": "px",
                    "top": "",
                    "right": "",
                    "bottom": "",
                    "left": "",
                    "isLinked": true
                },
                "jet_sticky_section_sticky_padding_tablet": {
                    "unit": "px",
                    "top": "",
                    "right": "",
                    "bottom": "",
                    "left": "",
                    "isLinked": true
                },
                "jet_sticky_section_sticky_padding_mobile": {
                    "unit": "px",
                    "top": "",
                    "right": "",
                    "bottom": "",
                    "left": "",
                    "isLinked": true
                },
                "jet_sticky_section_sticky_background_background": "",
                "jet_sticky_section_sticky_background_color": "",
                "jet_sticky_section_sticky_background_color_stop": {
                    "unit": "%",
                    "size": 0,
                    "sizes": []
                },
                "jet_sticky_section_sticky_background_color_b": "#f2295b",
                "jet_sticky_section_sticky_background_color_b_stop": {
                    "unit": "%",
                    "size": 100,
                    "sizes": []
                },
                "jet_sticky_section_sticky_background_gradient_type": "linear",
                "jet_sticky_section_sticky_background_gradient_angle": {
                    "unit": "deg",
                    "size": 180,
                    "sizes": []
                },
                "jet_sticky_section_sticky_background_gradient_position": "center center",
                "jet_sticky_section_sticky_background_image": {
                    "url": "",
                    "id": ""
                },
                "jet_sticky_section_sticky_background_image_tablet": {
                    "url": "",
                    "id": ""
                },
                "jet_sticky_section_sticky_background_image_mobile": {
                    "url": "",
                    "id": ""
                },
                "jet_sticky_section_sticky_background_position": "",
                "jet_sticky_section_sticky_background_position_tablet": "",
                "jet_sticky_section_sticky_background_position_mobile": "",
                "jet_sticky_section_sticky_background_xpos": {
                    "unit": "px",
                    "size": 0,
                    "sizes": []
                },
                "jet_sticky_section_sticky_background_xpos_tablet": {
                    "unit": "px",
                    "size": 0,
                    "sizes": []
                },
                "jet_sticky_section_sticky_background_xpos_mobile": {
                    "unit": "px",
                    "size": 0,
                    "sizes": []
                },
                "jet_sticky_section_sticky_background_ypos": {
                    "unit": "px",
                    "size": 0,
                    "sizes": []
                },
                "jet_sticky_section_sticky_background_ypos_tablet": {
                    "unit": "px",
                    "size": 0,
                    "sizes": []
                },
                "jet_sticky_section_sticky_background_ypos_mobile": {
                    "unit": "px",
                    "size": 0,
                    "sizes": []
                },
                "jet_sticky_section_sticky_background_attachment": "",
                "jet_sticky_section_sticky_background_repeat": "",
                "jet_sticky_section_sticky_background_repeat_tablet": "",
                "jet_sticky_section_sticky_background_repeat_mobile": "",
                "jet_sticky_section_sticky_background_size": "",
                "jet_sticky_section_sticky_background_size_tablet": "",
                "jet_sticky_section_sticky_background_size_mobile": "",
                "jet_sticky_section_sticky_background_bg_width": {
                    "unit": "%",
                    "size": 100,
                    "sizes": []
                },
                "jet_sticky_section_sticky_background_bg_width_tablet": {
                    "unit": "px",
                    "size": "",
                    "sizes": []
                },
                "jet_sticky_section_sticky_background_bg_width_mobile": {
                    "unit": "px",
                    "size": "",
                    "sizes": []
                },
                "jet_sticky_section_sticky_background_video_link": "",
                "jet_sticky_section_sticky_background_video_start": "",
                "jet_sticky_section_sticky_background_video_end": "",
                "jet_sticky_section_sticky_background_play_once": "",
                "jet_sticky_section_sticky_background_play_on_mobile": "",
                "jet_sticky_section_sticky_background_privacy_mode": "",
                "jet_sticky_section_sticky_background_video_fallback": {
                    "url": "",
                    "id": ""
                },
                "jet_sticky_section_sticky_background_slideshow_gallery": [],
                "jet_sticky_section_sticky_background_slideshow_loop": "yes",
                "jet_sticky_section_sticky_background_slideshow_slide_duration": 5000,
                "jet_sticky_section_sticky_background_slideshow_slide_transition": "fade",
                "jet_sticky_section_sticky_background_slideshow_transition_duration": 500,
                "jet_sticky_section_sticky_background_slideshow_background_size": "",
                "jet_sticky_section_sticky_background_slideshow_background_size_tablet": "",
                "jet_sticky_section_sticky_background_slideshow_background_size_mobile": "",
                "jet_sticky_section_sticky_background_slideshow_background_position": "",
                "jet_sticky_section_sticky_background_slideshow_background_position_tablet": "",
                "jet_sticky_section_sticky_background_slideshow_background_position_mobile": "",
                "jet_sticky_section_sticky_background_slideshow_ken_burns": "",
                "jet_sticky_section_sticky_background_slideshow_ken_burns_zoom_direction": "in",
                "jet_sticky_section_sticky_box_shadow_box_shadow_type": "",
                "jet_sticky_section_sticky_box_shadow_box_shadow": {
                    "horizontal": 0,
                    "vertical": 0,
                    "blur": 10,
                    "spread": 0,
                    "color": "rgba(0,0,0,0.5)"
                },
                "jet_sticky_section_sticky_box_shadow_box_shadow_position": " ",
                "jet_sticky_section_sticky_transition": {
                    "unit": "px",
                    "size": 0.1,
                    "sizes": []
                },
                "ekit_has_onepagescroll": "",
                "ekit_control_get_pro": "1"
            },
            "elements": [
                {
                    "id": "4d525032",
                    "settings": {
                        "_column_size": 100,
                        "jet_sticky_column_sticky_enable": "false",
                        "jet_sticky_column_sticky_top_spacing": 50,
                        "jet_sticky_column_sticky_bottom_spacing": 50,
                        "jet_sticky_column_sticky_enable_on": [
                            "desktop",
                            "tablet"
                        ]
                    },
                    "elements": [
                        {
                            "id": "693b0bfe",
                            "settings": {
                                "mf_input_label": "Name",
                                "mf_input_name": "mf-first-name",
                                "mf_input_placeholder": "Your Name",
                                "mf_input_min_length": 1,
                                "mf_input_label_margin": {
                                    "unit": "px",
                                    "top": "0",
                                    "right": "0",
                                    "bottom": "5",
                                    "left": "0",
                                    "isLinked": false
                                },
                                "mf_input_padding": {
                                    "unit": "px",
                                    "top": "20",
                                    "right": "25",
                                    "bottom": "20",
                                    "left": "25",
                                    "isLinked": false
                                },
                                "mf_input_border_border": "solid",
                                "mf_input_border_width": {
                                    "unit": "px",
                                    "top": "1",
                                    "right": "1",
                                    "bottom": "1",
                                    "left": "1",
                                    "isLinked": true
                                },
                                "mf_input_box_shadow_box_shadow": {
                                    "horizontal": 0,
                                    "vertical": 3,
                                    "blur": 5,
                                    "spread": 0,
                                    "color": "rgba(0,0,0,0.05)"
                                },
                                "mf_input_help_text_typography_typography": "custom",
                                "mf_input_help_text_typography_font_family": "Helvetica",
                                "mf_input_help_text_typography_font_size": {
                                    "unit": "px",
                                    "size": 12,
                                    "sizes": []
                                },
                                "mf_input_help_text_typography_font_weight": "400",
                                "mf_input_help_text_typography_font_style": "italic",
                                "mf_input_help_text_typography_line_height": {
                                    "unit": "px",
                                    "size": 14,
                                    "sizes": []
                                },
                                "mf_input_help_text_padding": {
                                    "unit": "px",
                                    "top": "3",
                                    "right": "0",
                                    "bottom": "0",
                                    "left": "0",
                                    "isLinked": false
                                },
                                "mf_input_required": "",
                                "mf_input_validation_warning_message": "This field is required.",
                                "mf_input_required_indicator_color": "#FF0000",
                                "mf_input_help_text_color": "#555555",
                                "__globals__": {
                                    "mf_input_place_holder_typography_typography": "globals\/typography?id=text",
                                    "mf_input_label_typography_typography": "globals\/typography?id=adeb269",
                                    "mf_input_placeholder_color": "globals\/colors?id=text",
                                    "mf_input_label_color": "globals\/colors?id=primary",
                                    "mf_input_typgraphy_typography": "globals\/typography?id=text",
                                    "mf_input_color": "globals\/colors?id=primary",
                                    "mf_input_color_hover": "globals\/colors?id=primary",
                                    "mf_input_color_focus": "globals\/colors?id=primary",
                                    "mf_input_border_color": "globals\/colors?id=5f5a5f8"
                                },
                                "mf_input_warning_text_typography_line_height": {
                                    "unit": "em",
                                    "size": "",
                                    "sizes": []
                                },
                                "mf_input_label_color": "#182430",
                                "mf_input_placeholder_color": "#7A7A7A",
                                "mf_input_background_background": "classic",
                                "mf_input_background_color": "#F6F6F6",
                                "mf_input_label_status": ""
                            },
                            "elements": [],
                            "isInner": false,
                            "widgetType": "mf-text",
                            "elType": "widget"
                        },
                        {
                            "id": "62418b22",
                            "settings": {
                                "mf_input_label": "Phone Number",
                                "mf_input_name": "mf-telephone",
                                "mf_input_placeholder": "Telephone",
                                "mf_input_validation_warning_message": "This field is required.",
                                "mf_input_label_margin": {
                                    "unit": "px",
                                    "top": "0",
                                    "right": "0",
                                    "bottom": "5",
                                    "left": "0",
                                    "isLinked": false
                                },
                                "mf_input_required_indicator_color": "#FF0000",
                                "mf_input_warning_text_typography_line_height": {
                                    "unit": "em",
                                    "size": "",
                                    "sizes": []
                                },
                                "mf_input_padding": {
                                    "unit": "px",
                                    "top": "20",
                                    "right": "25",
                                    "bottom": "20",
                                    "left": "25",
                                    "isLinked": false
                                },
                                "mf_input_border_border": "solid",
                                "mf_input_border_width": {
                                    "unit": "px",
                                    "top": "1",
                                    "right": "1",
                                    "bottom": "1",
                                    "left": "1",
                                    "isLinked": true
                                },
                                "mf_input_box_shadow_box_shadow": {
                                    "horizontal": 0,
                                    "vertical": 3,
                                    "blur": 5,
                                    "spread": 0,
                                    "color": "rgba(0,0,0,0.05)"
                                },
                                "mf_input_help_text_typography_typography": "custom",
                                "mf_input_help_text_typography_font_family": "Helvetica",
                                "mf_input_help_text_typography_font_size": {
                                    "unit": "px",
                                    "size": 12,
                                    "sizes": []
                                },
                                "mf_input_help_text_typography_font_weight": "400",
                                "mf_input_help_text_typography_font_style": "italic",
                                "mf_input_help_text_typography_line_height": {
                                    "unit": "px",
                                    "size": 14,
                                    "sizes": []
                                },
                                "mf_input_help_text_color": "#555555",
                                "mf_input_help_text_padding": {
                                    "unit": "px",
                                    "top": "3",
                                    "right": "0",
                                    "bottom": "0",
                                    "left": "0",
                                    "isLinked": false
                                },
                                "__globals__": {
                                    "mf_input_place_holder_typography_typography": "globals\/typography?id=text",
                                    "mf_input_label_typography_typography": "globals\/typography?id=adeb269",
                                    "mf_input_placeholder_color": "globals\/colors?id=text",
                                    "mf_input_color": "globals\/colors?id=primary",
                                    "mf_input_color_hover": "globals\/colors?id=primary",
                                    "mf_input_color_focus": "globals\/colors?id=primary",
                                    "mf_input_label_color": "globals\/colors?id=primary",
                                    "mf_input_typgraphy_typography": "globals\/typography?id=text",
                                    "mf_input_border_color": "globals\/colors?id=5f5a5f8"
                                },
                                "mf_input_label_color": "#182430",
                                "mf_input_placeholder_color": "#7A7A7A",
                                "mf_input_background_background": "classic",
                                "mf_input_background_color": "#F6F6F6",
                                "mf_input_label_status": ""
                            },
                            "elements": [],
                            "isInner": false,
                            "widgetType": "mf-telephone",
                            "elType": "widget"
                        },
                        {
                            "id": "38668e25",
                            "settings": {
                                "mf_input_label": "Pick Up Address",
                                "mf_input_name": "mf-text",
                                "mf_input_placeholder": "Pick Up Address",
                                "mf_input_validation_warning_message": "This field is required.",
                                "mf_input_label_color": "#182430",
                                "mf_input_label_margin": {
                                    "unit": "px",
                                    "top": "0",
                                    "right": "0",
                                    "bottom": "5",
                                    "left": "0",
                                    "isLinked": false
                                },
                                "mf_input_required_indicator_color": "#FF0000",
                                "mf_input_warning_text_typography_line_height": {
                                    "unit": "em",
                                    "size": "",
                                    "sizes": []
                                },
                                "mf_input_padding": {
                                    "unit": "px",
                                    "top": "20",
                                    "right": "25",
                                    "bottom": "20",
                                    "left": "25",
                                    "isLinked": false
                                },
                                "mf_input_border_border": "solid",
                                "mf_input_border_width": {
                                    "unit": "px",
                                    "top": "1",
                                    "right": "1",
                                    "bottom": "1",
                                    "left": "1",
                                    "isLinked": true
                                },
                                "mf_input_box_shadow_box_shadow": {
                                    "horizontal": 0,
                                    "vertical": 3,
                                    "blur": 5,
                                    "spread": 0,
                                    "color": "rgba(0,0,0,0.05)"
                                },
                                "mf_input_placeholder_color": "#7A7A7A",
                                "mf_input_help_text_typography_typography": "custom",
                                "mf_input_help_text_typography_font_family": "Helvetica",
                                "mf_input_help_text_typography_font_size": {
                                    "unit": "px",
                                    "size": 12,
                                    "sizes": []
                                },
                                "mf_input_help_text_typography_font_weight": "400",
                                "mf_input_help_text_typography_font_style": "italic",
                                "mf_input_help_text_typography_line_height": {
                                    "unit": "px",
                                    "size": 14,
                                    "sizes": []
                                },
                                "mf_input_help_text_color": "#555555",
                                "mf_input_help_text_padding": {
                                    "unit": "px",
                                    "top": "3",
                                    "right": "0",
                                    "bottom": "0",
                                    "left": "0",
                                    "isLinked": false
                                },
                                "__globals__": {
                                    "mf_input_place_holder_typography_typography": "globals\/typography?id=text",
                                    "mf_input_label_typography_typography": "globals\/typography?id=adeb269",
                                    "mf_input_placeholder_color": "globals\/colors?id=text",
                                    "mf_input_label_color": "globals\/colors?id=primary",
                                    "mf_input_typgraphy_typography": "globals\/typography?id=text",
                                    "mf_input_color": "globals\/colors?id=primary",
                                    "mf_input_color_hover": "globals\/colors?id=primary",
                                    "mf_input_color_focus": "globals\/colors?id=primary",
                                    "mf_input_border_color": "globals\/colors?id=5f5a5f8"
                                },
                                "mf_input_background_background": "classic",
                                "mf_input_background_color": "#F6F6F6",
                                "mf_input_label_status": ""
                            },
                            "elements": [],
                            "isInner": false,
                            "widgetType": "mf-text",
                            "elType": "widget"
                        },
                        {
                            "id": "6881ca16",
                            "settings": {
                                "mf_input_label": "Delivery Address",
                                "mf_input_name": "mf-text",
                                "mf_input_placeholder": "Delivery Address",
                                "mf_input_validation_warning_message": "This field is required.",
                                "mf_input_label_color": "#182430",
                                "mf_input_label_margin": {
                                    "unit": "px",
                                    "top": "0",
                                    "right": "0",
                                    "bottom": "5",
                                    "left": "0",
                                    "isLinked": false
                                },
                                "mf_input_required_indicator_color": "#FF0000",
                                "mf_input_warning_text_typography_line_height": {
                                    "unit": "em",
                                    "size": "",
                                    "sizes": []
                                },
                                "mf_input_padding": {
                                    "unit": "px",
                                    "top": "20",
                                    "right": "25",
                                    "bottom": "20",
                                    "left": "25",
                                    "isLinked": false
                                },
                                "mf_input_border_border": "solid",
                                "mf_input_border_width": {
                                    "unit": "px",
                                    "top": "1",
                                    "right": "1",
                                    "bottom": "1",
                                    "left": "1",
                                    "isLinked": true
                                },
                                "mf_input_box_shadow_box_shadow": {
                                    "horizontal": 0,
                                    "vertical": 3,
                                    "blur": 5,
                                    "spread": 0,
                                    "color": "rgba(0,0,0,0.05)"
                                },
                                "mf_input_placeholder_color": "#7A7A7A",
                                "mf_input_help_text_typography_typography": "custom",
                                "mf_input_help_text_typography_font_family": "Helvetica",
                                "mf_input_help_text_typography_font_size": {
                                    "unit": "px",
                                    "size": 12,
                                    "sizes": []
                                },
                                "mf_input_help_text_typography_font_weight": "400",
                                "mf_input_help_text_typography_font_style": "italic",
                                "mf_input_help_text_typography_line_height": {
                                    "unit": "px",
                                    "size": 14,
                                    "sizes": []
                                },
                                "mf_input_help_text_color": "#555555",
                                "mf_input_help_text_padding": {
                                    "unit": "px",
                                    "top": "3",
                                    "right": "0",
                                    "bottom": "0",
                                    "left": "0",
                                    "isLinked": false
                                },
                                "__globals__": {
                                    "mf_input_place_holder_typography_typography": "globals\/typography?id=text",
                                    "mf_input_label_typography_typography": "globals\/typography?id=adeb269",
                                    "mf_input_placeholder_color": "globals\/colors?id=text",
                                    "mf_input_label_color": "globals\/colors?id=primary",
                                    "mf_input_typgraphy_typography": "globals\/typography?id=text",
                                    "mf_input_color": "globals\/colors?id=primary",
                                    "mf_input_color_hover": "globals\/colors?id=primary",
                                    "mf_input_color_focus": "globals\/colors?id=primary",
                                    "mf_input_border_color": "globals\/colors?id=5f5a5f8"
                                },
                                "mf_input_background_background": "classic",
                                "mf_input_background_color": "#F6F6F6",
                                "mf_input_label_status": ""
                            },
                            "elements": [],
                            "isInner": false,
                            "widgetType": "mf-text",
                            "elType": "widget"
                        },
                        {
                            "id": "670b5f1b",
                            "settings": {
                                "mf_input_label": "Select Shipping",
                                "mf_input_name": "mf-select",
                                "mf_input_placeholder": "Select Shipping",
                                "mf_input_list": [
                                    {
                                        "mf_input_option_text": "Regular",
                                        "mf_input_option_value": "value-1",
                                        "_id": "38306fd"
                                    },
                                    {
                                        "mf_input_option_text": "Same Day",
                                        "mf_input_option_value": "value-2",
                                        "_id": "72b9c01"
                                    },
                                    {
                                        "mf_input_option_text": "Express",
                                        "mf_input_option_value": "value-3",
                                        "_id": "78594c6"
                                    }
                                ],
                                "mf_input_validation_warning_message": "This field is required.",
                                "mf_input_label_margin": {
                                    "unit": "px",
                                    "top": "0",
                                    "right": "0",
                                    "bottom": "5",
                                    "left": "0",
                                    "isLinked": false
                                },
                                "mf_input_required_indicator_color": "#FF0000",
                                "mf_input_padding": {
                                    "unit": "px",
                                    "top": "20",
                                    "right": "25",
                                    "bottom": "20",
                                    "left": "25",
                                    "isLinked": false
                                },
                                "mf_input_border_border": "solid",
                                "mf_input_border_width": {
                                    "unit": "px",
                                    "top": "1",
                                    "right": "1",
                                    "bottom": "1",
                                    "left": "1",
                                    "isLinked": true
                                },
                                "mf_input_box_shadow_box_shadow": {
                                    "horizontal": 0,
                                    "vertical": 3,
                                    "blur": 5,
                                    "spread": 0,
                                    "color": "rgba(0,0,0,0.05)"
                                },
                                "mf_input_help_text_typography_typography": "custom",
                                "mf_input_help_text_typography_font_family": "Helvetica",
                                "mf_input_help_text_typography_font_size": {
                                    "unit": "px",
                                    "size": 12,
                                    "sizes": []
                                },
                                "mf_input_help_text_typography_font_weight": "400",
                                "mf_input_help_text_typography_font_style": "italic",
                                "mf_input_help_text_typography_line_height": {
                                    "unit": "px",
                                    "size": 14,
                                    "sizes": []
                                },
                                "mf_input_help_text_color": "#555555",
                                "mf_input_help_text_padding": {
                                    "unit": "px",
                                    "top": "3",
                                    "right": "0",
                                    "bottom": "0",
                                    "left": "0",
                                    "isLinked": false
                                },
                                "__globals__": {
                                    "mf_input_place_holder_typography_typography": "globals\/typography?id=text",
                                    "mf_input_label_typography_typography": "globals\/typography?id=adeb269",
                                    "mf_input_label_color": "globals\/colors?id=primary",
                                    "mf_input_placeholder_color": "globals\/colors?id=text",
                                    "mf_select_option_colornormal": "globals\/colors?id=primary",
                                    "mf_select_option_colorhover": "globals\/colors?id=367a2f9",
                                    "mf_select_option_coloractive": "globals\/colors?id=367a2f9",
                                    "mf_input_typgraphy_typography": "globals\/typography?id=text",
                                    "mf_input_color": "globals\/colors?id=primary",
                                    "mf_input_color_hover": "globals\/colors?id=primary",
                                    "mf_input_color_focus": "globals\/colors?id=primary",
                                    "mf_select_option_backgroundhover_color": "globals\/colors?id=primary",
                                    "mf_select_option_backgroundactive_color": "globals\/colors?id=accent",
                                    "mf_input_border_color": "globals\/colors?id=5f5a5f8"
                                },
                                "mf_input_warning_text_typography_line_height": {
                                    "unit": "em",
                                    "size": "",
                                    "sizes": []
                                },
                                "mf_input_label_color": "#182430",
                                "mf_select_option_colornormal": "#182430",
                                "mf_select_option_colorhover": "#06D286",
                                "mf_select_option_coloractive": "#182430",
                                "mf_input_placeholder_color": "#7A7A7A",
                                "mf_select_option_backgroundhover_background": "classic",
                                "mf_select_option_backgroundactive_background": "classic",
                                "mf_input_background_background": "classic",
                                "mf_input_background_color": "#F6F6F6",
                                "mf_input_label_status": ""
                            },
                            "elements": [],
                            "isInner": false,
                            "widgetType": "mf-select",
                            "elType": "widget"
                        },
                        {
                            "id": "522612ca",
                            "settings": {
                                "mf_input_label_status": "",
                                "mf_input_label": "Textarea",
                                "mf_input_name": "mf-textarea",
                                "mf_input_placeholder": "Message",
                                "mf_input_validation_warning_message": "This field is required.",
                                "mf_input_label_color": "#182430",
                                "mf_input_label_margin": {
                                    "unit": "px",
                                    "top": "0",
                                    "right": "0",
                                    "bottom": "5",
                                    "left": "0",
                                    "isLinked": false
                                },
                                "mf_input_required_indicator_color": "#FF0000",
                                "mf_input_warning_text_typography_line_height": {
                                    "unit": "em",
                                    "size": "",
                                    "sizes": []
                                },
                                "mf_input_padding": {
                                    "unit": "px",
                                    "top": "20",
                                    "right": "25",
                                    "bottom": "20",
                                    "left": "25",
                                    "isLinked": false
                                },
                                "mf_input_background_background": "classic",
                                "mf_input_background_color": "#F6F6F6",
                                "mf_input_border_border": "solid",
                                "mf_input_border_width": {
                                    "unit": "px",
                                    "top": "1",
                                    "right": "1",
                                    "bottom": "1",
                                    "left": "1",
                                    "isLinked": true
                                },
                                "mf_input_box_shadow_box_shadow": {
                                    "horizontal": 0,
                                    "vertical": 3,
                                    "blur": 5,
                                    "spread": 0,
                                    "color": "rgba(0,0,0,0.05)"
                                },
                                "mf_input_placeholder_color": "#7A7A7A",
                                "mf_input_help_text_typography_typography": "custom",
                                "mf_input_help_text_typography_font_family": "Helvetica",
                                "mf_input_help_text_typography_font_size": {
                                    "unit": "px",
                                    "size": 12,
                                    "sizes": []
                                },
                                "mf_input_help_text_typography_font_weight": "400",
                                "mf_input_help_text_typography_font_style": "italic",
                                "mf_input_help_text_typography_line_height": {
                                    "unit": "px",
                                    "size": 14,
                                    "sizes": []
                                },
                                "mf_input_help_text_color": "#555555",
                                "mf_input_help_text_padding": {
                                    "unit": "px",
                                    "top": "3",
                                    "right": "0",
                                    "bottom": "0",
                                    "left": "0",
                                    "isLinked": false
                                },
                                "__globals__": {
                                    "mf_input_place_holder_typography_typography": "globals\/typography?id=text",
                                    "mf_input_label_typography_typography": "globals\/typography?id=adeb269",
                                    "mf_input_placeholder_color": "globals\/colors?id=text",
                                    "mf_input_label_color": "globals\/colors?id=primary",
                                    "mf_input_typgraphy_typography": "globals\/typography?id=text",
                                    "mf_input_color": "globals\/colors?id=primary",
                                    "mf_input_color_hover": "globals\/colors?id=primary",
                                    "mf_input_color_focus": "globals\/colors?id=primary",
                                    "mf_input_border_color": "globals\/colors?id=5f5a5f8"
                                }
                            },
                            "elements": [],
                            "isInner": false,
                            "widgetType": "mf-textarea",
                            "elType": "widget"
                        },
                        {
                            "id": "20a6894a",
                            "settings": {
                                "mf_btn_text": "Send Request",
                                "mf_btn_align": "justify",
                                "mf_btn_text_padding": {
                                    "unit": "px",
                                    "top": "20",
                                    "right": "0",
                                    "bottom": "20",
                                    "left": "0",
                                    "isLinked": false
                                },
                                "mf_btn_bg_color_background": "classic",
                                "mf_btn_box_shadow_group_box_shadow_type": "yes",
                                "mf_btn_box_shadow_group_box_shadow": {
                                    "horizontal": 0,
                                    "vertical": 0,
                                    "blur": 0,
                                    "spread": 0,
                                    "color": "rgba(66,133,244,0.3)"
                                },
                                "mf_hidden_input": [],
                                "__globals__": {
                                    "mf_btn_bg_color_color": "globals\/colors?id=accent",
                                    "mf_btn_typography_typography": "globals\/typography?id=aa8ff19",
                                    "mf_btn_text_color": "globals\/colors?id=367a2f9",
                                    "mf_btn_bg_hover_color_color": "globals\/colors?id=primary",
                                    "mf_btn_hover_color": "globals\/colors?id=367a2f9"
                                },
                                "mf_btn_align_tablet": "justify",
                                "_margin_tablet": {
                                    "unit": "px",
                                    "top": "20",
                                    "right": "0",
                                    "bottom": "0",
                                    "left": "0",
                                    "isLinked": false
                                },
                                "_margin_mobile": {
                                    "unit": "px",
                                    "top": "10",
                                    "right": "0",
                                    "bottom": "0",
                                    "left": "0",
                                    "isLinked": false
                                },
                                "mf_btn_bg_hover_color_background": "classic",
                                "mf_btn_border_radius": {
                                    "unit": "px",
                                    "top": "0",
                                    "right": "0",
                                    "bottom": "0",
                                    "left": "0",
                                    "isLinked": true
                                },
                                "mf_btn_align_mobile": "justify",
                                "_margin": {
                                    "unit": "px",
                                    "top": "15",
                                    "right": "0",
                                    "bottom": "0",
                                    "left": "0",
                                    "isLinked": false
                                }
                            },
                            "elements": [],
                            "isInner": false,
                            "widgetType": "mf-button",
                            "elType": "widget"
                        }
                    ],
                    "isInner": false,
                    "elType": "column"
                }
            ],
            "isInner": false,
            "elType": "section"
        }
    ]
}