{
    "version": "0.4",
    "title": "MetForm Contact",
    "type": "page",
    "metadata": {
        "template_type": "single-page",
        "include_in_zip": "1",
        "elementor_pro_required": null,
        "wp_page_template": "elementor_canvas"
    },
    "content": [
        {
            "id": "6fb3368",
            "settings": {
                "content_width": {
                    "unit": "px",
                    "size": 1100,
                    "sizes": []
                },
                "background_background": "classic",
                "__globals__": {
                    "background_color": ""
                },
                "margin": {
                    "unit": "px",
                    "top": "",
                    "right": 0,
                    "bottom": "",
                    "left": 0,
                    "isLinked": true
                },
                "ekit_has_onepagescroll": "",
                "ekit_control_get_pro": "1"
            },
            "elements": [
                {
                    "id": "7994b68b",
                    "settings": {
                        "_column_size": 100,
                        "_inline_size": null,
                        "padding": {
                            "unit": "px",
                            "top": "0",
                            "right": "0",
                            "bottom": "0",
                            "left": "0",
                            "isLinked": false
                        }
                    },
                    "elements": [
                        {
                            "id": "58903af9",
                            "settings": {
                                "structure": "20",
                                "margin": {
                                    "unit": "px",
                                    "top": "0",
                                    "right": 0,
                                    "bottom": "20",
                                    "left": 0,
                                    "isLinked": false
                                },
                                "margin_mobile": {
                                    "unit": "px",
                                    "top": "0",
                                    "right": 0,
                                    "bottom": "15",
                                    "left": 0,
                                    "isLinked": false
                                },
                                "ekit_has_onepagescroll": "",
                                "ekit_control_get_pro": "1"
                            },
                            "elements": [
                                {
                                    "id": "6b66d90a",
                                    "settings": {
                                        "_column_size": 50,
                                        "_inline_size": null,
                                        "padding": {
                                            "unit": "px",
                                            "top": "0",
                                            "right": "10",
                                            "bottom": "0",
                                            "left": "0",
                                            "isLinked": false
                                        },
                                        "padding_mobile": {
                                            "unit": "px",
                                            "top": "0",
                                            "right": "0",
                                            "bottom": "15",
                                            "left": "0",
                                            "isLinked": false
                                        }
                                    },
                                    "elements": [
                                        {
                                            "id": "19ce56b3",
                                            "settings": {
                                                "mf_input_label": "Name",
                                                "mf_input_name": "mf-text",
                                                "mf_input_placeholder": "Your Name",
                                                "mf_input_validation_warning_message": "This field is required.",
                                                "mf_input_padding": {
                                                    "unit": "px",
                                                    "top": "20",
                                                    "right": "25",
                                                    "bottom": "20",
                                                    "left": "25",
                                                    "isLinked": false
                                                },
                                                "mf_input_placeholder_color": "#7A7A7A",
                                                "__globals__": {
                                                    "mf_input_label_color": "globals\/colors?id=primary",
                                                    "mf_input_color": "globals\/colors?id=primary",
                                                    "mf_input_color_hover": "globals\/colors?id=primary",
                                                    "mf_input_color_focus": "globals\/colors?id=primary",
                                                    "mf_input_border_color": "globals\/colors?id=5f5a5f8",
                                                    "mf_input_label_typography_typography": "globals\/typography?id=adeb269",
                                                    "mf_input_typgraphy_typography": "globals\/typography?id=text",
                                                    "mf_input_place_holder_typography_typography": "globals\/typography?id=text",
                                                    "mf_input_placeholder_color": "globals\/colors?id=text",
                                                    "mf_input_required_indicator_color": "",
                                                    "mf_input_warning_text_color": ""
                                                },
                                                "mf_input_label_color": "#182430",
                                                "mf_input_label_margin": {
                                                    "unit": "px",
                                                    "top": "0",
                                                    "right": "0",
                                                    "bottom": "5",
                                                    "left": "0",
                                                    "isLinked": false
                                                },
                                                "mf_input_required_indicator_color": "#FF0000",
                                                "mf_input_border_border": "solid",
                                                "mf_input_border_width": {
                                                    "unit": "px",
                                                    "top": "1",
                                                    "right": "1",
                                                    "bottom": "1",
                                                    "left": "1",
                                                    "isLinked": true
                                                },
                                                "mf_input_box_shadow_box_shadow": {
                                                    "horizontal": 0,
                                                    "vertical": 3,
                                                    "blur": 5,
                                                    "spread": 0,
                                                    "color": "rgba(0,0,0,0.05)"
                                                },
                                                "mf_input_help_text_typography_typography": "custom",
                                                "mf_input_help_text_typography_font_family": "Helvetica",
                                                "mf_input_help_text_typography_font_size": {
                                                    "unit": "px",
                                                    "size": 12,
                                                    "sizes": []
                                                },
                                                "mf_input_help_text_typography_font_weight": "400",
                                                "mf_input_help_text_typography_font_style": "italic",
                                                "mf_input_help_text_typography_line_height": {
                                                    "unit": "px",
                                                    "size": 14,
                                                    "sizes": []
                                                },
                                                "mf_input_help_text_color": "#555555",
                                                "mf_input_help_text_padding": {
                                                    "unit": "px",
                                                    "top": "3",
                                                    "right": "0",
                                                    "bottom": "0",
                                                    "left": "0",
                                                    "isLinked": false
                                                },
                                                "mf_input_required": "",
                                                "mf_input_warning_text_typography_line_height": {
                                                    "unit": "em",
                                                    "size": "",
                                                    "sizes": []
                                                },
                                                "mf_input_label_status": "",
                                                "mf_input_background_background": "classic",
                                                "mf_input_background_color": "#F6F6F6"
                                            },
                                            "elements": [],
                                            "isInner": false,
                                            "widgetType": "mf-text",
                                            "elType": "widget"
                                        }
                                    ],
                                    "isInner": true,
                                    "elType": "column"
                                },
                                {
                                    "id": "5aae0d05",
                                    "settings": {
                                        "_column_size": 50,
                                        "_inline_size": null,
                                        "padding": {
                                            "unit": "px",
                                            "top": "0",
                                            "right": "0",
                                            "bottom": "0",
                                            "left": "10",
                                            "isLinked": false
                                        },
                                        "padding_mobile": {
                                            "unit": "px",
                                            "top": "0",
                                            "right": "0",
                                            "bottom": "0",
                                            "left": "0",
                                            "isLinked": false
                                        }
                                    },
                                    "elements": [
                                        {
                                            "id": "2e1489f7",
                                            "settings": {
                                                "mf_input_label": "Email",
                                                "mf_input_name": "mf-email",
                                                "mf_input_placeholder": "Your Email",
                                                "mf_input_validation_warning_message": "This field is required.",
                                                "mf_input_padding": {
                                                    "unit": "px",
                                                    "top": "20",
                                                    "right": "25",
                                                    "bottom": "20",
                                                    "left": "25",
                                                    "isLinked": false
                                                },
                                                "mf_input_placeholder_color": "#7A7A7A",
                                                "__globals__": {
                                                    "mf_input_label_color": "globals\/colors?id=primary",
                                                    "mf_input_color": "globals\/colors?id=primary",
                                                    "mf_input_color_hover": "globals\/colors?id=primary",
                                                    "mf_input_color_focus": "globals\/colors?id=primary",
                                                    "mf_input_border_color": "globals\/colors?id=5f5a5f8",
                                                    "mf_input_label_typography_typography": "globals\/typography?id=adeb269",
                                                    "mf_input_typgraphy_typography": "globals\/typography?id=text",
                                                    "mf_input_place_holder_typography_typography": "globals\/typography?id=text",
                                                    "mf_input_placeholder_color": "globals\/colors?id=text",
                                                    "mf_input_required_indicator_color": "",
                                                    "mf_input_warning_text_color": ""
                                                },
                                                "mf_input_label_color": "#182430",
                                                "mf_input_label_margin": {
                                                    "unit": "px",
                                                    "top": "0",
                                                    "right": "0",
                                                    "bottom": "5",
                                                    "left": "0",
                                                    "isLinked": false
                                                },
                                                "mf_input_required_indicator_color": "#FF0000",
                                                "mf_input_border_border": "solid",
                                                "mf_input_border_width": {
                                                    "unit": "px",
                                                    "top": "1",
                                                    "right": "1",
                                                    "bottom": "1",
                                                    "left": "1",
                                                    "isLinked": true
                                                },
                                                "mf_input_box_shadow_box_shadow": {
                                                    "horizontal": 0,
                                                    "vertical": 3,
                                                    "blur": 5,
                                                    "spread": 0,
                                                    "color": "rgba(0,0,0,0.05)"
                                                },
                                                "mf_input_help_text_typography_typography": "custom",
                                                "mf_input_help_text_typography_font_family": "Helvetica",
                                                "mf_input_help_text_typography_font_size": {
                                                    "unit": "px",
                                                    "size": 12,
                                                    "sizes": []
                                                },
                                                "mf_input_help_text_typography_font_weight": "400",
                                                "mf_input_help_text_typography_font_style": "italic",
                                                "mf_input_help_text_typography_line_height": {
                                                    "unit": "px",
                                                    "size": 14,
                                                    "sizes": []
                                                },
                                                "mf_input_help_text_color": "#555555",
                                                "mf_input_help_text_padding": {
                                                    "unit": "px",
                                                    "top": "3",
                                                    "right": "0",
                                                    "bottom": "0",
                                                    "left": "0",
                                                    "isLinked": false
                                                },
                                                "mf_input_required": "",
                                                "mf_input_warning_text_typography_line_height": {
                                                    "unit": "em",
                                                    "size": "",
                                                    "sizes": []
                                                },
                                                "mf_input_label_status": "",
                                                "mf_input_background_background": "classic",
                                                "mf_input_background_color": "#F6F6F6"
                                            },
                                            "elements": [],
                                            "isInner": false,
                                            "widgetType": "mf-email",
                                            "elType": "widget"
                                        }
                                    ],
                                    "isInner": true,
                                    "elType": "column"
                                }
                            ],
                            "isInner": true,
                            "elType": "section"
                        },
                        {
                            "id": "7e6b82a9",
                            "settings": {
                                "mf_input_label": "Subject",
                                "mf_input_name": "mf-text",
                                "mf_input_placeholder": "Subject",
                                "mf_input_validation_warning_message": "This field is required.",
                                "mf_input_label_color": "#182430",
                                "mf_input_label_margin": {
                                    "unit": "px",
                                    "top": "0",
                                    "right": "0",
                                    "bottom": "5",
                                    "left": "0",
                                    "isLinked": false
                                },
                                "mf_input_required_indicator_color": "#FF0000",
                                "mf_input_padding": {
                                    "unit": "px",
                                    "top": "20",
                                    "right": "25",
                                    "bottom": "20",
                                    "left": "25",
                                    "isLinked": false
                                },
                                "mf_input_border_border": "solid",
                                "mf_input_border_width": {
                                    "unit": "px",
                                    "top": "1",
                                    "right": "1",
                                    "bottom": "1",
                                    "left": "1",
                                    "isLinked": true
                                },
                                "mf_input_box_shadow_box_shadow": {
                                    "horizontal": 0,
                                    "vertical": 3,
                                    "blur": 5,
                                    "spread": 0,
                                    "color": "rgba(0,0,0,0.05)"
                                },
                                "mf_input_placeholder_color": "#7A7A7A",
                                "mf_input_help_text_typography_typography": "custom",
                                "mf_input_help_text_typography_font_family": "Helvetica",
                                "mf_input_help_text_typography_font_size": {
                                    "unit": "px",
                                    "size": 12,
                                    "sizes": []
                                },
                                "mf_input_help_text_typography_font_weight": "400",
                                "mf_input_help_text_typography_font_style": "italic",
                                "mf_input_help_text_typography_line_height": {
                                    "unit": "px",
                                    "size": 14,
                                    "sizes": []
                                },
                                "mf_input_help_text_color": "#555555",
                                "mf_input_help_text_padding": {
                                    "unit": "px",
                                    "top": "3",
                                    "right": "0",
                                    "bottom": "0",
                                    "left": "0",
                                    "isLinked": false
                                },
                                "__globals__": {
                                    "mf_input_label_color": "globals\/colors?id=primary",
                                    "mf_input_color": "globals\/colors?id=primary",
                                    "mf_input_color_hover": "globals\/colors?id=primary",
                                    "mf_input_color_focus": "globals\/colors?id=primary",
                                    "mf_input_border_color": "globals\/colors?id=5f5a5f8",
                                    "mf_input_label_typography_typography": "globals\/typography?id=adeb269",
                                    "mf_input_typgraphy_typography": "globals\/typography?id=text",
                                    "mf_input_place_holder_typography_typography": "globals\/typography?id=text",
                                    "mf_input_placeholder_color": "globals\/colors?id=text",
                                    "mf_input_required_indicator_color": "",
                                    "mf_input_warning_text_color": ""
                                },
                                "mf_input_required": "",
                                "mf_input_warning_text_typography_line_height": {
                                    "unit": "em",
                                    "size": "",
                                    "sizes": []
                                },
                                "mf_input_label_status": "",
                                "mf_input_background_background": "classic",
                                "mf_input_background_color": "#F6F6F6"
                            },
                            "elements": [],
                            "isInner": false,
                            "widgetType": "mf-text",
                            "elType": "widget"
                        },
                        {
                            "id": "279c8416",
                            "settings": {
                                "mf_input_label": "Message",
                                "mf_input_name": "mf-textarea",
                                "mf_input_placeholder": "Message",
                                "mf_input_validation_warning_message": "This field is required.",
                                "mf_input_padding": {
                                    "unit": "px",
                                    "top": "20",
                                    "right": "25",
                                    "bottom": "20",
                                    "left": "25",
                                    "isLinked": false
                                },
                                "mf_input_placeholder_color": "#7A7A7A",
                                "__globals__": {
                                    "mf_input_label_color": "globals\/colors?id=primary",
                                    "mf_input_color": "globals\/colors?id=primary",
                                    "mf_input_color_hover": "globals\/colors?id=primary",
                                    "mf_input_color_focus": "globals\/colors?id=primary",
                                    "mf_input_border_color": "globals\/colors?id=5f5a5f8",
                                    "mf_input_label_typography_typography": "globals\/typography?id=adeb269",
                                    "mf_input_typgraphy_typography": "globals\/typography?id=text",
                                    "mf_input_place_holder_typography_typography": "globals\/typography?id=text",
                                    "mf_input_placeholder_color": "globals\/colors?id=text",
                                    "mf_input_required_indicator_color": "",
                                    "mf_input_warning_text_color": ""
                                },
                                "mf_input_label_color": "#182430",
                                "mf_input_label_margin": {
                                    "unit": "px",
                                    "top": "0",
                                    "right": "0",
                                    "bottom": "5",
                                    "left": "0",
                                    "isLinked": false
                                },
                                "mf_input_required_indicator_color": "#FF0000",
                                "mf_input_border_border": "solid",
                                "mf_input_border_width": {
                                    "unit": "px",
                                    "top": "1",
                                    "right": "1",
                                    "bottom": "1",
                                    "left": "1",
                                    "isLinked": true
                                },
                                "mf_input_box_shadow_box_shadow": {
                                    "horizontal": 0,
                                    "vertical": 3,
                                    "blur": 5,
                                    "spread": 0,
                                    "color": "rgba(0,0,0,0.05)"
                                },
                                "mf_input_help_text_typography_typography": "custom",
                                "mf_input_help_text_typography_font_family": "Helvetica",
                                "mf_input_help_text_typography_font_size": {
                                    "unit": "px",
                                    "size": 12,
                                    "sizes": []
                                },
                                "mf_input_help_text_typography_font_weight": "400",
                                "mf_input_help_text_typography_font_style": "italic",
                                "mf_input_help_text_typography_line_height": {
                                    "unit": "px",
                                    "size": 14,
                                    "sizes": []
                                },
                                "mf_input_help_text_color": "#555555",
                                "mf_input_help_text_padding": {
                                    "unit": "px",
                                    "top": "3",
                                    "right": "0",
                                    "bottom": "0",
                                    "left": "0",
                                    "isLinked": false
                                },
                                "mf_input_warning_text_typography_line_height": {
                                    "unit": "em",
                                    "size": "",
                                    "sizes": []
                                },
                                "mf_input_label_status": "",
                                "mf_textarea_field_height": {
                                    "unit": "px",
                                    "size": 200,
                                    "sizes": []
                                },
                                "mf_input_background_background": "classic",
                                "mf_input_background_color": "#F6F6F6"
                            },
                            "elements": [],
                            "isInner": false,
                            "widgetType": "mf-textarea",
                            "elType": "widget"
                        },
                        {
                            "id": "4daae027",
                            "settings": {
                                "mf_btn_text": "Send Message",
                                "mf_btn_align": "justify",
                                "mf_hidden_input": [],
                                "mf_btn_bg_color_background": "classic",
                                "mf_btn_bg_hover_color_background": "classic",
                                "mf_btn_box_shadow_group_box_shadow_type": "yes",
                                "mf_btn_box_shadow_group_box_shadow": {
                                    "horizontal": 0,
                                    "vertical": 0,
                                    "blur": 0,
                                    "spread": 0,
                                    "color": "rgba(66,133,244,0.3)"
                                },
                                "__globals__": {
                                    "mf_btn_bg_color_color": "globals\/colors?id=accent",
                                    "mf_btn_bg_hover_color_color": "globals\/colors?id=primary",
                                    "mf_btn_typography_typography": "globals\/typography?id=aa8ff19",
                                    "mf_btn_text_color": "globals\/colors?id=367a2f9",
                                    "mf_btn_border_color": "",
                                    "mf_btn_hover_border_color": "",
                                    "mf_btn_hover_color": "globals\/colors?id=367a2f9"
                                },
                                "mf_btn_text_padding": {
                                    "unit": "px",
                                    "top": "20",
                                    "right": "0",
                                    "bottom": "20",
                                    "left": "0",
                                    "isLinked": false
                                },
                                "mf_btn_align_tablet": "justify",
                                "mf_btn_border_radius": {
                                    "unit": "px",
                                    "top": "0",
                                    "right": "0",
                                    "bottom": "0",
                                    "left": "0",
                                    "isLinked": true
                                },
                                "mf_btn_align_mobile": "justify",
                                "_margin": {
                                    "unit": "px",
                                    "top": "15",
                                    "right": "0",
                                    "bottom": "0",
                                    "left": "0",
                                    "isLinked": false
                                },
                                "_margin_tablet": {
                                    "unit": "px",
                                    "top": "20",
                                    "right": "0",
                                    "bottom": "0",
                                    "left": "0",
                                    "isLinked": false
                                },
                                "_margin_mobile": {
                                    "unit": "px",
                                    "top": "10",
                                    "right": "0",
                                    "bottom": "0",
                                    "left": "0",
                                    "isLinked": false
                                }
                            },
                            "elements": [],
                            "isInner": false,
                            "widgetType": "mf-button",
                            "elType": "widget"
                        }
                    ],
                    "isInner": false,
                    "elType": "column"
                }
            ],
            "isInner": false,
            "elType": "section"
        }
    ]
}