{
    "version": "0.4",
    "title": "Single Post",
    "type": "section",
    "metadata": {
        "template_type": "single-post",
        "include_in_zip": "1",
        "elementor_pro_required": null,
        "wp_page_template": "elementor_header_footer"
    },
    "content": [
        {
            "id": "3c9eddf0",
            "settings": {
                "background_background": "classic",
                "padding": {
                    "unit": "px",
                    "top": "100",
                    "right": "0",
                    "bottom": "100",
                    "left": "0",
                    "isLinked": false
                },
                "__globals__": {
                    "background_color": ""
                },
                "padding_tablet": {
                    "unit": "px",
                    "top": "80",
                    "right": "0",
                    "bottom": "80",
                    "left": "0",
                    "isLinked": false
                },
                "padding_mobile": {
                    "unit": "px",
                    "top": "50",
                    "right": "0",
                    "bottom": "50",
                    "left": "0",
                    "isLinked": false
                },
                "content_width": {
                    "unit": "px",
                    "size": 800,
                    "sizes": []
                },
                "jet_sticky_section_sticky": "",
                "jet_sticky_section_sticky_visibility": [
                    "desktop",
                    "tablet",
                    "mobile"
                ],
                "jet_sticky_section_sticky_z_index": "",
                "jet_sticky_section_sticky_max_width": {
                    "unit": "px",
                    "size": "",
                    "sizes": []
                },
                "jet_sticky_section_sticky_margin": {
                    "unit": "px",
                    "top": "",
                    "right": "",
                    "bottom": "",
                    "left": "",
                    "isLinked": true
                },
                "jet_sticky_section_sticky_margin_tablet": {
                    "unit": "px",
                    "top": "",
                    "right": "",
                    "bottom": "",
                    "left": "",
                    "isLinked": true
                },
                "jet_sticky_section_sticky_margin_mobile": {
                    "unit": "px",
                    "top": "",
                    "right": "",
                    "bottom": "",
                    "left": "",
                    "isLinked": true
                },
                "jet_sticky_section_sticky_padding": {
                    "unit": "px",
                    "top": "",
                    "right": "",
                    "bottom": "",
                    "left": "",
                    "isLinked": true
                },
                "jet_sticky_section_sticky_padding_tablet": {
                    "unit": "px",
                    "top": "",
                    "right": "",
                    "bottom": "",
                    "left": "",
                    "isLinked": true
                },
                "jet_sticky_section_sticky_padding_mobile": {
                    "unit": "px",
                    "top": "",
                    "right": "",
                    "bottom": "",
                    "left": "",
                    "isLinked": true
                },
                "jet_sticky_section_sticky_background_background": "",
                "jet_sticky_section_sticky_background_color": "",
                "jet_sticky_section_sticky_background_color_stop": {
                    "unit": "%",
                    "size": 0,
                    "sizes": []
                },
                "jet_sticky_section_sticky_background_color_b": "#f2295b",
                "jet_sticky_section_sticky_background_color_b_stop": {
                    "unit": "%",
                    "size": 100,
                    "sizes": []
                },
                "jet_sticky_section_sticky_background_gradient_type": "linear",
                "jet_sticky_section_sticky_background_gradient_angle": {
                    "unit": "deg",
                    "size": 180,
                    "sizes": []
                },
                "jet_sticky_section_sticky_background_gradient_position": "center center",
                "jet_sticky_section_sticky_background_image": {
                    "url": "",
                    "id": ""
                },
                "jet_sticky_section_sticky_background_image_tablet": {
                    "url": "",
                    "id": ""
                },
                "jet_sticky_section_sticky_background_image_mobile": {
                    "url": "",
                    "id": ""
                },
                "jet_sticky_section_sticky_background_position": "",
                "jet_sticky_section_sticky_background_position_tablet": "",
                "jet_sticky_section_sticky_background_position_mobile": "",
                "jet_sticky_section_sticky_background_xpos": {
                    "unit": "px",
                    "size": 0,
                    "sizes": []
                },
                "jet_sticky_section_sticky_background_xpos_tablet": {
                    "unit": "px",
                    "size": 0,
                    "sizes": []
                },
                "jet_sticky_section_sticky_background_xpos_mobile": {
                    "unit": "px",
                    "size": 0,
                    "sizes": []
                },
                "jet_sticky_section_sticky_background_ypos": {
                    "unit": "px",
                    "size": 0,
                    "sizes": []
                },
                "jet_sticky_section_sticky_background_ypos_tablet": {
                    "unit": "px",
                    "size": 0,
                    "sizes": []
                },
                "jet_sticky_section_sticky_background_ypos_mobile": {
                    "unit": "px",
                    "size": 0,
                    "sizes": []
                },
                "jet_sticky_section_sticky_background_attachment": "",
                "jet_sticky_section_sticky_background_repeat": "",
                "jet_sticky_section_sticky_background_repeat_tablet": "",
                "jet_sticky_section_sticky_background_repeat_mobile": "",
                "jet_sticky_section_sticky_background_size": "",
                "jet_sticky_section_sticky_background_size_tablet": "",
                "jet_sticky_section_sticky_background_size_mobile": "",
                "jet_sticky_section_sticky_background_bg_width": {
                    "unit": "%",
                    "size": 100,
                    "sizes": []
                },
                "jet_sticky_section_sticky_background_bg_width_tablet": {
                    "unit": "px",
                    "size": "",
                    "sizes": []
                },
                "jet_sticky_section_sticky_background_bg_width_mobile": {
                    "unit": "px",
                    "size": "",
                    "sizes": []
                },
                "jet_sticky_section_sticky_background_video_link": "",
                "jet_sticky_section_sticky_background_video_start": "",
                "jet_sticky_section_sticky_background_video_end": "",
                "jet_sticky_section_sticky_background_play_once": "",
                "jet_sticky_section_sticky_background_play_on_mobile": "",
                "jet_sticky_section_sticky_background_privacy_mode": "",
                "jet_sticky_section_sticky_background_video_fallback": {
                    "url": "",
                    "id": ""
                },
                "jet_sticky_section_sticky_background_slideshow_gallery": [],
                "jet_sticky_section_sticky_background_slideshow_loop": "yes",
                "jet_sticky_section_sticky_background_slideshow_slide_duration": 5000,
                "jet_sticky_section_sticky_background_slideshow_slide_transition": "fade",
                "jet_sticky_section_sticky_background_slideshow_transition_duration": 500,
                "jet_sticky_section_sticky_background_slideshow_background_size": "",
                "jet_sticky_section_sticky_background_slideshow_background_size_tablet": "",
                "jet_sticky_section_sticky_background_slideshow_background_size_mobile": "",
                "jet_sticky_section_sticky_background_slideshow_background_position": "",
                "jet_sticky_section_sticky_background_slideshow_background_position_tablet": "",
                "jet_sticky_section_sticky_background_slideshow_background_position_mobile": "",
                "jet_sticky_section_sticky_background_slideshow_ken_burns": "",
                "jet_sticky_section_sticky_background_slideshow_ken_burns_zoom_direction": "in",
                "jet_sticky_section_sticky_box_shadow_box_shadow_type": "",
                "jet_sticky_section_sticky_box_shadow_box_shadow": {
                    "horizontal": 0,
                    "vertical": 0,
                    "blur": 10,
                    "spread": 0,
                    "color": "rgba(0,0,0,0.5)"
                },
                "jet_sticky_section_sticky_box_shadow_box_shadow_position": " ",
                "jet_sticky_section_sticky_transition": {
                    "unit": "px",
                    "size": 0.1,
                    "sizes": []
                },
                "ekit_has_onepagescroll": "",
                "ekit_control_get_pro": "1",
                "reverse_order_tablet": "reverse-tablet",
                "reverse_order_mobile": "reverse-mobile"
            },
            "elements": [
                {
                    "id": "796ee49e",
                    "settings": {
                        "_column_size": 100,
                        "_inline_size": null,
                        "_inline_size_tablet": 100,
                        "margin_tablet": {
                            "unit": "px",
                            "top": "0",
                            "right": "10",
                            "bottom": "0",
                            "left": "10",
                            "isLinked": false
                        },
                        "margin_mobile": {
                            "unit": "px",
                            "top": "0",
                            "right": "5",
                            "bottom": "0",
                            "left": "5",
                            "isLinked": false
                        },
                        "jet_sticky_column_sticky_enable": "false",
                        "jet_sticky_column_sticky_top_spacing": 50,
                        "jet_sticky_column_sticky_bottom_spacing": 50,
                        "jet_sticky_column_sticky_enable_on": [
                            "desktop",
                            "tablet"
                        ],
                        "margin": {
                            "unit": "px",
                            "top": "0",
                            "right": "0",
                            "bottom": "0",
                            "left": "0",
                            "isLinked": true
                        }
                    },
                    "elements": [
                        {
                            "id": "46ce5625",
                            "settings": {
                                "selected_icon": {
                                    "value": "jki jki-user-light",
                                    "library": "jkiticon"
                                },
                                "align": "left",
                                "size": {
                                    "unit": "px",
                                    "size": 18,
                                    "sizes": []
                                },
                                "_element_width": "auto",
                                "__globals__": {
                                    "primary_color": "globals\/colors?id=accent"
                                },
                                "_element_vertical_align": "center"
                            },
                            "elements": [],
                            "isInner": false,
                            "widgetType": "icon",
                            "elType": "widget"
                        },
                        {
                            "id": "76ecbe33",
                            "settings": {
                                "_margin": {
                                    "unit": "px",
                                    "top": "10",
                                    "right": "0",
                                    "bottom": "0",
                                    "left": "10",
                                    "isLinked": false
                                },
                                "_element_width": "auto",
                                "__globals__": {
                                    "st_author_typography_content_typography_typography": "globals\/typography?id=adeb269",
                                    "st_author_normal_color_responsive": "globals\/colors?id=secondary"
                                }
                            },
                            "elements": [],
                            "isInner": false,
                            "widgetType": "jkit_post_author",
                            "elType": "widget"
                        },
                        {
                            "id": "2c497c3d",
                            "settings": {
                                "selected_icon": {
                                    "value": "jki jki-calendar-1-light",
                                    "library": "jkiticon"
                                },
                                "align": "left",
                                "size": {
                                    "unit": "px",
                                    "size": 18,
                                    "sizes": []
                                },
                                "_margin": {
                                    "unit": "px",
                                    "top": "0",
                                    "right": "0",
                                    "bottom": "0",
                                    "left": "20",
                                    "isLinked": false
                                },
                                "_element_width": "auto",
                                "__globals__": {
                                    "primary_color": "globals\/colors?id=accent"
                                },
                                "_element_vertical_align": "center"
                            },
                            "elements": [],
                            "isInner": false,
                            "widgetType": "icon",
                            "elType": "widget"
                        },
                        {
                            "id": "1052cc8a",
                            "settings": {
                                "sg_date_format_custom": "F j, Y",
                                "st_date_alignment_responsive": "center",
                                "_margin": {
                                    "unit": "px",
                                    "top": "10",
                                    "right": "0",
                                    "bottom": "0",
                                    "left": "10",
                                    "isLinked": false
                                },
                                "_element_width": "auto",
                                "__globals__": {
                                    "st_date_typography_content_typography_typography": "globals\/typography?id=adeb269",
                                    "st_date_normal_color_responsive": "globals\/colors?id=secondary"
                                }
                            },
                            "elements": [],
                            "isInner": false,
                            "widgetType": "jkit_post_date",
                            "elType": "widget"
                        },
                        {
                            "id": "7c06d006",
                            "settings": {
                                "__globals__": {
                                    "st_title_typography_content_typography_typography": "globals\/typography?id=secondary",
                                    "st_title_normal_color_responsive": "globals\/colors?id=primary"
                                },
                                "_margin": {
                                    "unit": "px",
                                    "top": "0",
                                    "right": "0",
                                    "bottom": "0",
                                    "left": "0",
                                    "isLinked": true
                                },
                                "_padding": {
                                    "unit": "%",
                                    "top": "0",
                                    "right": "0",
                                    "bottom": "0",
                                    "left": "0",
                                    "isLinked": true
                                },
                                "_padding_tablet": {
                                    "unit": "px",
                                    "top": "0",
                                    "right": "0",
                                    "bottom": "0",
                                    "left": "0",
                                    "isLinked": false
                                },
                                "_padding_mobile": {
                                    "unit": "px",
                                    "top": "0",
                                    "right": "0",
                                    "bottom": "0",
                                    "left": "0",
                                    "isLinked": false
                                },
                                "st_title_normal_color_responsive": "#3A3A3A",
                                "_margin_mobile": {
                                    "unit": "px",
                                    "top": "-10",
                                    "right": "0",
                                    "bottom": "0",
                                    "left": "0",
                                    "isLinked": false
                                }
                            },
                            "elements": [],
                            "isInner": false,
                            "widgetType": "jkit_post_title",
                            "elType": "widget"
                        },
                        {
                            "id": "8bf423f",
                            "settings": {
                                "sg_image_size_imagesize_size": "full",
                                "st_image_size_responsive": {
                                    "unit": "%",
                                    "size": 100,
                                    "sizes": []
                                }
                            },
                            "elements": [],
                            "isInner": false,
                            "widgetType": "jkit_post_featured_image",
                            "elType": "widget"
                        },
                        {
                            "id": "11f3e1b4",
                            "settings": {
                                "title": "The Importance of You Using our Service",
                                "__globals__": {
                                    "typography_typography": "globals\/typography?id=f1ce913",
                                    "title_color": "globals\/colors?id=primary"
                                }
                            },
                            "elements": [],
                            "isInner": false,
                            "widgetType": "heading",
                            "elType": "widget"
                        },
                        {
                            "id": "463af6b9",
                            "settings": {
                                "editor": "<p>Lorem ipsum dolor sit amet, consectetur adipiscing elit, sed do eiusmod tempor incididunt ut labore et dolore magna aliqua. Ut enim ad minim veniam, quis nostrud exercitation ullamco laboris nisi ut aliquip ex ea commodo consequat. Duis aute irure dolor in reprehenderit in voluptate velit esse cillum dolore eu fugiat nulla pariatur. Excepteur sint occaecat cupidatat non proident, sunt in culpa qui officia deserunt mollit voluptate velit esse cillum dolore.<\/p><p>Duis aute irure dolor in reprehenderit in voluptate velit esse cillum dolore eu fugiat nulla pariatur. Excepteur sint occaecat cupidatat non proident, sunt in culpa qui officia deserunt mollit anim id est laborum. Ut enim ad minim veniam, quis nostrud exercitation ullamco laboris.\u00a0<\/p>",
                                "__globals__": {
                                    "text_color": "globals\/colors?id=text",
                                    "typography_typography": "globals\/typography?id=text"
                                },
                                "_margin": {
                                    "unit": "px",
                                    "top": "0",
                                    "right": "0",
                                    "bottom": "0",
                                    "left": "0",
                                    "isLinked": false
                                }
                            },
                            "elements": [],
                            "isInner": false,
                            "widgetType": "text-editor",
                            "elType": "widget"
                        },
                        {
                            "id": "71e3d558",
                            "settings": {
                                "title": "Our Services That Make You Feel Satisfied",
                                "__globals__": {
                                    "typography_typography": "globals\/typography?id=f1ce913",
                                    "title_color": "globals\/colors?id=primary"
                                }
                            },
                            "elements": [],
                            "isInner": false,
                            "widgetType": "heading",
                            "elType": "widget"
                        },
                        {
                            "id": "5a16f682",
                            "settings": {
                                "gap": "no",
                                "structure": "20",
                                "margin": {
                                    "unit": "px",
                                    "top": "10",
                                    "right": 0,
                                    "bottom": "30",
                                    "left": 0,
                                    "isLinked": false
                                }
                            },
                            "elements": [
                                {
                                    "id": "7fbacdd8",
                                    "settings": {
                                        "_column_size": 50,
                                        "_inline_size": null,
                                        "margin": {
                                            "unit": "px",
                                            "top": "0",
                                            "right": "0",
                                            "bottom": "0",
                                            "left": "0",
                                            "isLinked": true
                                        },
                                        "_inline_size_tablet": 100,
                                        "margin_tablet": {
                                            "unit": "px",
                                            "top": "0",
                                            "right": "0",
                                            "bottom": "30",
                                            "left": "0",
                                            "isLinked": false
                                        }
                                    },
                                    "elements": [
                                        {
                                            "id": "6558387a",
                                            "settings": {
                                                "editor": "<p>Lorem ipsum dolor sit amet, consectetur adipiscing elit, sed do eiusmod tempor incididunt ut labore et dolore magna aliqua enim ad minim veniam, quis nostrud exercitation ullamco laboris nisi commodo.<\/p><p>Duis aute irure dolor in reprehenderit in voluptate velit esse cillum dolore eu fugiat nulla pariatur. Excepteur sint occaecat cupidatat non proident, sunt in culpa qui officia deserunt mollit anim.<\/p>",
                                                "__globals__": {
                                                    "text_color": "globals\/colors?id=text",
                                                    "typography_typography": "globals\/typography?id=text"
                                                },
                                                "_margin": {
                                                    "unit": "px",
                                                    "top": "0",
                                                    "right": "0",
                                                    "bottom": "-15",
                                                    "left": "0",
                                                    "isLinked": false
                                                }
                                            },
                                            "elements": [],
                                            "isInner": false,
                                            "widgetType": "text-editor",
                                            "elType": "widget"
                                        }
                                    ],
                                    "isInner": true,
                                    "elType": "column"
                                },
                                {
                                    "id": "12ff6fb4",
                                    "settings": {
                                        "_column_size": 50,
                                        "_inline_size": null,
                                        "margin": {
                                            "unit": "px",
                                            "top": "0",
                                            "right": "0",
                                            "bottom": "0",
                                            "left": "40",
                                            "isLinked": false
                                        },
                                        "background_background": "classic",
                                        "background_image": {
                                            "id": 230,
                                            "url": "https:\/\/kit.baliniz.com\/logixtic\/wp-content\/uploads\/sites\/29\/2022\/06\/shipping-delivery.jpg",
                                            "alt": "Shipping Delivery",
                                            "source": "library"
                                        },
                                        "background_repeat": "no-repeat",
                                        "background_size": "cover",
                                        "border_radius": {
                                            "unit": "px",
                                            "top": "0",
                                            "right": "0",
                                            "bottom": "0",
                                            "left": "0",
                                            "isLinked": true
                                        },
                                        "_inline_size_tablet": 100,
                                        "margin_tablet": {
                                            "unit": "px",
                                            "top": "0",
                                            "right": "0",
                                            "bottom": "0",
                                            "left": "0",
                                            "isLinked": false
                                        },
                                        "background_position_mobile": "center right"
                                    },
                                    "elements": [
                                        {
                                            "id": "2ed3f43b",
                                            "settings": {
                                                "space": {
                                                    "unit": "px",
                                                    "size": 205,
                                                    "sizes": []
                                                },
                                                "space_tablet": {
                                                    "unit": "px",
                                                    "size": 410,
                                                    "sizes": []
                                                },
                                                "space_mobile": {
                                                    "unit": "px",
                                                    "size": 230,
                                                    "sizes": []
                                                }
                                            },
                                            "elements": [],
                                            "isInner": false,
                                            "widgetType": "spacer",
                                            "elType": "widget"
                                        }
                                    ],
                                    "isInner": true,
                                    "elType": "column"
                                }
                            ],
                            "isInner": true,
                            "elType": "section"
                        },
                        {
                            "id": "58ce3020",
                            "settings": {
                                "editor": "<p>Lorem ipsum dolor sit amet, consectetur adipiscing elit, sed do eiusmod tempor incididunt ut labore et dolore magna aliqua. Ut enim ad minim veniam, quis nostrud exercitation ullamco laboris nisi ut aliquip ex ea commodo consequat. Duis aute irure dolor in reprehenderit in voluptate velit esse cillum dolore eu fugiat nulla pariatur. Excepteur sint occaecat cupidatat non proident.<\/p>",
                                "__globals__": {
                                    "text_color": "globals\/colors?id=text",
                                    "typography_typography": "globals\/typography?id=text"
                                },
                                "_margin": {
                                    "unit": "px",
                                    "top": "0",
                                    "right": "0",
                                    "bottom": "0",
                                    "left": "0",
                                    "isLinked": false
                                }
                            },
                            "elements": [],
                            "isInner": false,
                            "widgetType": "text-editor",
                            "elType": "widget"
                        },
                        {
                            "id": "5896cf5c",
                            "settings": {
                                "gap": "no",
                                "content_position": "middle",
                                "structure": "20",
                                "margin": {
                                    "unit": "px",
                                    "top": "0",
                                    "right": 0,
                                    "bottom": "0",
                                    "left": 0,
                                    "isLinked": false
                                },
                                "border_width": {
                                    "unit": "px",
                                    "top": "0",
                                    "right": "0",
                                    "bottom": "0",
                                    "left": "0",
                                    "isLinked": false
                                },
                                "padding_mobile": {
                                    "unit": "px",
                                    "top": "0",
                                    "right": "0",
                                    "bottom": "0",
                                    "left": "0",
                                    "isLinked": true
                                },
                                "ekit_has_onepagescroll": "",
                                "ekit_control_get_pro": "1",
                                "margin_mobile": {
                                    "unit": "px",
                                    "top": "0",
                                    "right": 0,
                                    "bottom": "20",
                                    "left": 0,
                                    "isLinked": false
                                }
                            },
                            "elements": [
                                {
                                    "id": "144e848",
                                    "settings": {
                                        "_column_size": 50,
                                        "_inline_size": 47.571,
                                        "content_position": "center",
                                        "align": "flex-start",
                                        "_inline_size_tablet": 40,
                                        "_inline_size_mobile": 100,
                                        "margin_mobile": {
                                            "unit": "px",
                                            "top": "0",
                                            "right": "0",
                                            "bottom": "30",
                                            "left": "0",
                                            "isLinked": false
                                        }
                                    },
                                    "elements": [
                                        {
                                            "id": "6f9899d0",
                                            "settings": {
                                                "editor": "Tags : ",
                                                "align": "right",
                                                "align_mobile": "left",
                                                "_margin": {
                                                    "unit": "px",
                                                    "top": "0",
                                                    "right": "5",
                                                    "bottom": "0",
                                                    "left": "0",
                                                    "isLinked": false
                                                },
                                                "_element_width": "auto",
                                                "_element_width_mobile": "initial",
                                                "_element_custom_width": {
                                                    "unit": "%",
                                                    "size": 50,
                                                    "sizes": []
                                                },
                                                "motion_fx_motion_fx_scrolling": "",
                                                "motion_fx_translateY_effect": "",
                                                "motion_fx_translateY_direction": "",
                                                "motion_fx_translateY_speed": {
                                                    "unit": "px",
                                                    "size": 4,
                                                    "sizes": []
                                                },
                                                "motion_fx_translateY_affectedRange": {
                                                    "unit": "%",
                                                    "size": "",
                                                    "sizes": {
                                                        "start": 0,
                                                        "end": 100
                                                    }
                                                },
                                                "motion_fx_translateX_effect": "",
                                                "motion_fx_translateX_direction": "",
                                                "motion_fx_translateX_speed": {
                                                    "unit": "px",
                                                    "size": 4,
                                                    "sizes": []
                                                },
                                                "motion_fx_translateX_affectedRange": {
                                                    "unit": "%",
                                                    "size": "",
                                                    "sizes": {
                                                        "start": 0,
                                                        "end": 100
                                                    }
                                                },
                                                "motion_fx_opacity_effect": "",
                                                "motion_fx_opacity_direction": "out-in",
                                                "motion_fx_opacity_level": {
                                                    "unit": "px",
                                                    "size": 10,
                                                    "sizes": []
                                                },
                                                "motion_fx_opacity_range": {
                                                    "unit": "%",
                                                    "size": "",
                                                    "sizes": {
                                                        "start": 20,
                                                        "end": 80
                                                    }
                                                },
                                                "motion_fx_blur_effect": "",
                                                "motion_fx_blur_direction": "out-in",
                                                "motion_fx_blur_level": {
                                                    "unit": "px",
                                                    "size": 7,
                                                    "sizes": []
                                                },
                                                "motion_fx_blur_range": {
                                                    "unit": "%",
                                                    "size": "",
                                                    "sizes": {
                                                        "start": 20,
                                                        "end": 80
                                                    }
                                                },
                                                "motion_fx_rotateZ_effect": "",
                                                "motion_fx_rotateZ_direction": "",
                                                "motion_fx_rotateZ_speed": {
                                                    "unit": "px",
                                                    "size": 1,
                                                    "sizes": []
                                                },
                                                "motion_fx_rotateZ_affectedRange": {
                                                    "unit": "%",
                                                    "size": "",
                                                    "sizes": {
                                                        "start": 0,
                                                        "end": 100
                                                    }
                                                },
                                                "motion_fx_scale_effect": "",
                                                "motion_fx_scale_direction": "out-in",
                                                "motion_fx_scale_speed": {
                                                    "unit": "px",
                                                    "size": 4,
                                                    "sizes": []
                                                },
                                                "motion_fx_scale_range": {
                                                    "unit": "%",
                                                    "size": "",
                                                    "sizes": {
                                                        "start": 20,
                                                        "end": 80
                                                    }
                                                },
                                                "motion_fx_transform_origin_x": "center",
                                                "motion_fx_transform_origin_y": "center",
                                                "motion_fx_devices": [
                                                    "desktop",
                                                    "tablet",
                                                    "mobile"
                                                ],
                                                "motion_fx_range": "",
                                                "motion_fx_motion_fx_mouse": "",
                                                "motion_fx_mouseTrack_effect": "",
                                                "motion_fx_mouseTrack_direction": "",
                                                "motion_fx_mouseTrack_speed": {
                                                    "unit": "px",
                                                    "size": 1,
                                                    "sizes": []
                                                },
                                                "motion_fx_tilt_effect": "",
                                                "motion_fx_tilt_direction": "",
                                                "motion_fx_tilt_speed": {
                                                    "unit": "px",
                                                    "size": 4,
                                                    "sizes": []
                                                },
                                                "sticky": "",
                                                "sticky_on": [
                                                    "desktop",
                                                    "tablet",
                                                    "mobile"
                                                ],
                                                "sticky_offset": 0,
                                                "sticky_effects_offset": 0,
                                                "sticky_parent": "",
                                                "_attributes": "",
                                                "custom_css": "",
                                                "_element_width_tablet": "auto",
                                                "_element_custom_width_mobile": {
                                                    "unit": "%",
                                                    "size": 100,
                                                    "sizes": []
                                                },
                                                "__globals__": {
                                                    "text_color": "globals\/colors?id=primary",
                                                    "typography_typography": "globals\/typography?id=77ffdb7"
                                                },
                                                "_element_custom_width_tablet": {
                                                    "unit": "%",
                                                    "size": 40,
                                                    "sizes": []
                                                },
                                                "_margin_mobile": {
                                                    "unit": "px",
                                                    "top": "0",
                                                    "right": "0",
                                                    "bottom": "10",
                                                    "left": "0",
                                                    "isLinked": false
                                                }
                                            },
                                            "elements": [],
                                            "isInner": false,
                                            "widgetType": "text-editor",
                                            "elType": "widget"
                                        },
                                        {
                                            "id": "713e3ec5",
                                            "settings": {
                                                "sg_term_separator": ",",
                                                "_element_width": "auto",
                                                "__globals__": {
                                                    "st_term_normal_color_responsive": "globals\/colors?id=accent",
                                                    "st_term_typography_content_typography_typography": "globals\/typography?id=text"
                                                },
                                                "sg_term_taxonomy": "post_tag",
                                                "_element_width_mobile": "inherit"
                                            },
                                            "elements": [],
                                            "isInner": false,
                                            "widgetType": "jkit_post_terms",
                                            "elType": "widget"
                                        }
                                    ],
                                    "isInner": true,
                                    "elType": "column"
                                },
                                {
                                    "id": "1f18f971",
                                    "settings": {
                                        "_column_size": 50,
                                        "_inline_size": 52.429,
                                        "content_position": "center",
                                        "content_position_mobile": "center",
                                        "align_tablet": "flex-end",
                                        "align_mobile": "flex-start",
                                        "align": "flex-end",
                                        "_inline_size_tablet": 60,
                                        "_inline_size_mobile": 100
                                    },
                                    "elements": [
                                        {
                                            "id": "dca0df1",
                                            "settings": {
                                                "editor": "Share This : ",
                                                "align": "right",
                                                "align_mobile": "left",
                                                "_margin": {
                                                    "unit": "px",
                                                    "top": "0",
                                                    "right": "5",
                                                    "bottom": "0",
                                                    "left": "0",
                                                    "isLinked": false
                                                },
                                                "_element_width": "auto",
                                                "_element_width_mobile": "initial",
                                                "_element_custom_width": {
                                                    "unit": "%",
                                                    "size": 50,
                                                    "sizes": []
                                                },
                                                "motion_fx_motion_fx_scrolling": "",
                                                "motion_fx_translateY_effect": "",
                                                "motion_fx_translateY_direction": "",
                                                "motion_fx_translateY_speed": {
                                                    "unit": "px",
                                                    "size": 4,
                                                    "sizes": []
                                                },
                                                "motion_fx_translateY_affectedRange": {
                                                    "unit": "%",
                                                    "size": "",
                                                    "sizes": {
                                                        "start": 0,
                                                        "end": 100
                                                    }
                                                },
                                                "motion_fx_translateX_effect": "",
                                                "motion_fx_translateX_direction": "",
                                                "motion_fx_translateX_speed": {
                                                    "unit": "px",
                                                    "size": 4,
                                                    "sizes": []
                                                },
                                                "motion_fx_translateX_affectedRange": {
                                                    "unit": "%",
                                                    "size": "",
                                                    "sizes": {
                                                        "start": 0,
                                                        "end": 100
                                                    }
                                                },
                                                "motion_fx_opacity_effect": "",
                                                "motion_fx_opacity_direction": "out-in",
                                                "motion_fx_opacity_level": {
                                                    "unit": "px",
                                                    "size": 10,
                                                    "sizes": []
                                                },
                                                "motion_fx_opacity_range": {
                                                    "unit": "%",
                                                    "size": "",
                                                    "sizes": {
                                                        "start": 20,
                                                        "end": 80
                                                    }
                                                },
                                                "motion_fx_blur_effect": "",
                                                "motion_fx_blur_direction": "out-in",
                                                "motion_fx_blur_level": {
                                                    "unit": "px",
                                                    "size": 7,
                                                    "sizes": []
                                                },
                                                "motion_fx_blur_range": {
                                                    "unit": "%",
                                                    "size": "",
                                                    "sizes": {
                                                        "start": 20,
                                                        "end": 80
                                                    }
                                                },
                                                "motion_fx_rotateZ_effect": "",
                                                "motion_fx_rotateZ_direction": "",
                                                "motion_fx_rotateZ_speed": {
                                                    "unit": "px",
                                                    "size": 1,
                                                    "sizes": []
                                                },
                                                "motion_fx_rotateZ_affectedRange": {
                                                    "unit": "%",
                                                    "size": "",
                                                    "sizes": {
                                                        "start": 0,
                                                        "end": 100
                                                    }
                                                },
                                                "motion_fx_scale_effect": "",
                                                "motion_fx_scale_direction": "out-in",
                                                "motion_fx_scale_speed": {
                                                    "unit": "px",
                                                    "size": 4,
                                                    "sizes": []
                                                },
                                                "motion_fx_scale_range": {
                                                    "unit": "%",
                                                    "size": "",
                                                    "sizes": {
                                                        "start": 20,
                                                        "end": 80
                                                    }
                                                },
                                                "motion_fx_transform_origin_x": "center",
                                                "motion_fx_transform_origin_y": "center",
                                                "motion_fx_devices": [
                                                    "desktop",
                                                    "tablet",
                                                    "mobile"
                                                ],
                                                "motion_fx_range": "",
                                                "motion_fx_motion_fx_mouse": "",
                                                "motion_fx_mouseTrack_effect": "",
                                                "motion_fx_mouseTrack_direction": "",
                                                "motion_fx_mouseTrack_speed": {
                                                    "unit": "px",
                                                    "size": 1,
                                                    "sizes": []
                                                },
                                                "motion_fx_tilt_effect": "",
                                                "motion_fx_tilt_direction": "",
                                                "motion_fx_tilt_speed": {
                                                    "unit": "px",
                                                    "size": 4,
                                                    "sizes": []
                                                },
                                                "sticky": "",
                                                "sticky_on": [
                                                    "desktop",
                                                    "tablet",
                                                    "mobile"
                                                ],
                                                "sticky_offset": 0,
                                                "sticky_effects_offset": 0,
                                                "sticky_parent": "",
                                                "_attributes": "",
                                                "custom_css": "",
                                                "_element_width_tablet": "auto",
                                                "_element_custom_width_mobile": {
                                                    "unit": "%",
                                                    "size": 100,
                                                    "sizes": []
                                                },
                                                "_element_custom_width_tablet": {
                                                    "unit": "%",
                                                    "size": 40,
                                                    "sizes": []
                                                },
                                                "__globals__": {
                                                    "text_color": "globals\/colors?id=primary",
                                                    "typography_typography": "globals\/typography?id=77ffdb7"
                                                },
                                                "_margin_mobile": {
                                                    "unit": "px",
                                                    "top": "0",
                                                    "right": "0",
                                                    "bottom": "5",
                                                    "left": "0",
                                                    "isLinked": false
                                                }
                                            },
                                            "elements": [],
                                            "isInner": false,
                                            "widgetType": "text-editor",
                                            "elType": "widget"
                                        },
                                        {
                                            "id": "4df0d209",
                                            "settings": {
                                                "sg_social_list": [
                                                    {
                                                        "sg_social_icon": {
                                                            "value": "fab fa-facebook-f",
                                                            "library": "fa-brands"
                                                        },
                                                        "sg_social_label": "Facebook",
                                                        "_id": "92c0e8e",
                                                        "__globals__": {
                                                            "sg_social_normal_color": "globals\/colors?id=367a2f9",
                                                            "sg_social_normal_background_background_color": "globals\/colors?id=accent"
                                                        },
                                                        "sg_social_normal_background_background_background": "classic"
                                                    },
                                                    {
                                                        "sg_social_icon": {
                                                            "value": "fab fa-twitter",
                                                            "library": "fa-brands"
                                                        },
                                                        "sg_social_brand": "twitter",
                                                        "sg_social_label": "Twitter",
                                                        "_id": "3175767",
                                                        "__globals__": {
                                                            "sg_social_normal_color": ""
                                                        }
                                                    },
                                                    {
                                                        "sg_social_icon": {
                                                            "value": "jki jki-whatsapp-1-light",
                                                            "library": "jkiticon"
                                                        },
                                                        "sg_social_brand": "whatsapp",
                                                        "sg_social_label": "Whatsapp",
                                                        "_id": "1372896",
                                                        "__globals__": {
                                                            "sg_social_normal_color": ""
                                                        }
                                                    },
                                                    {
                                                        "sg_social_icon": {
                                                            "value": "fab fa-telegram-plane",
                                                            "library": "fa-brands"
                                                        },
                                                        "sg_social_brand": "telegram",
                                                        "sg_social_label": "Telegram",
                                                        "__globals__": {
                                                            "sg_social_normal_color": ""
                                                        },
                                                        "_id": "9ae23c5"
                                                    }
                                                ],
                                                "st_social_margin_responsive": {
                                                    "unit": "px",
                                                    "top": "0",
                                                    "right": "0",
                                                    "bottom": "0",
                                                    "left": "10",
                                                    "isLinked": false
                                                },
                                                "_margin": {
                                                    "unit": "px",
                                                    "top": "0",
                                                    "right": "0",
                                                    "bottom": "-5",
                                                    "left": "0",
                                                    "isLinked": false
                                                },
                                                "_element_width": "auto",
                                                "st_social_padding_responsive": {
                                                    "unit": "px",
                                                    "top": "7",
                                                    "right": "0",
                                                    "bottom": "0",
                                                    "left": "0",
                                                    "isLinked": false
                                                },
                                                "st_social_border_radius_responsive": {
                                                    "unit": "px",
                                                    "top": "0",
                                                    "right": "0",
                                                    "bottom": "0",
                                                    "left": "0",
                                                    "isLinked": true
                                                },
                                                "st_social_height_width": "yes",
                                                "st_social_height_width_width_responsive": {
                                                    "unit": "px",
                                                    "size": 40,
                                                    "sizes": []
                                                },
                                                "st_social_height_width_height_responsive": {
                                                    "unit": "px",
                                                    "size": 40,
                                                    "sizes": []
                                                },
                                                "st_social_normal_background_background_background": "classic",
                                                "__globals__": {
                                                    "st_social_normal_background_background_color": "globals\/colors?id=primary",
                                                    "st_social_hover_background_background_color": "globals\/colors?id=accent",
                                                    "st_social_hover_color_responsive": "globals\/colors?id=367a2f9",
                                                    "st_social_normal_color_responsive": "globals\/colors?id=367a2f9"
                                                },
                                                "_margin_mobile": {
                                                    "unit": "px",
                                                    "top": "10",
                                                    "right": "0",
                                                    "bottom": "0",
                                                    "left": "0",
                                                    "isLinked": false
                                                },
                                                "st_social_hover_background_background_background": "classic",
                                                "sg_social_alignment_responsive": "right",
                                                "st_social_alignment_responsive": "center",
                                                "st_social_margin_responsive_mobile": {
                                                    "unit": "px",
                                                    "top": "0",
                                                    "right": "10",
                                                    "bottom": "0",
                                                    "left": "0",
                                                    "isLinked": false
                                                },
                                                "st_social_padding_responsive_mobile": {
                                                    "unit": "px",
                                                    "top": "8",
                                                    "right": "0",
                                                    "bottom": "0",
                                                    "left": "0",
                                                    "isLinked": false
                                                }
                                            },
                                            "elements": [],
                                            "isInner": false,
                                            "widgetType": "jkit_social_share",
                                            "elType": "widget"
                                        }
                                    ],
                                    "isInner": true,
                                    "elType": "column"
                                }
                            ],
                            "isInner": true,
                            "elType": "section"
                        },
                        {
                            "id": "65975835",
                            "settings": {
                                "text": "Divider",
                                "gap": {
                                    "unit": "px",
                                    "size": 25,
                                    "sizes": []
                                },
                                "__globals__": {
                                    "color": "globals\/colors?id=5f5a5f8"
                                }
                            },
                            "elements": [],
                            "isInner": false,
                            "widgetType": "divider",
                            "elType": "widget"
                        },
                        {
                            "id": "2a952598",
                            "settings": {
                                "_margin": {
                                    "unit": "px",
                                    "top": "-10",
                                    "right": "0",
                                    "bottom": "0",
                                    "left": "0",
                                    "isLinked": false
                                }
                            },
                            "elements": [],
                            "isInner": false,
                            "widgetType": "jkit_post_comment",
                            "elType": "widget"
                        }
                    ],
                    "isInner": false,
                    "elType": "column"
                }
            ],
            "isInner": false,
            "elType": "section"
        }
    ]
}